Date,Workout Name,Duration,Exercise Name,Set Order,Weight,Reps,Distance,Seconds,RPE
26/8/2025 08:50,Tuesday Back And Biceps,34m,Lat Pulldown (Cable),1,35,5,0,0,
26/8/2025 08:50,Tuesday Back And Biceps,34m,Lat Pulldown (Cable),Rest Timer,0,0,0,90,
26/8/2025 08:50,Tuesday Back And Biceps,34m,Lat Pulldown (Cable),2,35,5,0,0,
26/8/2025 08:50,Tuesday Back And Biceps,34m,Lat Pulldown (Cable),Rest Timer,0,0,0,90,
26/8/2025 08:50,Tuesday Back And Biceps,34m,Lat Pulldown (Cable),3,35,6,0,0,
26/8/2025 08:50,Tuesday Back And Biceps,34m,Lat Pulldown (Cable),Rest Timer,0,0,0,90,
26/8/2025 08:50,Tuesday Back And Biceps,34m,Lat Pulldown (Cable),4,35,6,0,0,
26/8/2025 08:50,Tuesday Back And Biceps,34m,Lat Pulldown (Cable),Rest Timer,0,0,0,90,
26/8/2025 08:50,Tuesday Back And Biceps,34m,Triceps Pushdown (Cable - Straight Bar),1,23,4,0,0,
26/8/2025 08:50,Tuesday Back And Biceps,34m,Triceps Pushdown (Cable - Straight Bar),Rest Timer,0,0,0,90,
26/8/2025 08:50,Tuesday Back And Biceps,34m,Triceps Pushdown (Cable - Straight Bar),2,18.5,8,0,0,
26/8/2025 08:50,Tuesday Back And Biceps,34m,Triceps Pushdown (Cable - Straight Bar),Rest Timer,0,0,0,90,
26/8/2025 08:50,Tuesday Back And Biceps,34m,Triceps Pushdown (Cable - Straight Bar),3,18.5,8,0,0,
26/8/2025 08:50,Tuesday Back And Biceps,34m,Triceps Pushdown (Cable - Straight Bar),Rest Timer,0,0,0,90,
26/8/2025 08:50,Tuesday Back And Biceps,34m,Triceps Pushdown (Cable - Straight Bar),4,1.85,6,0,0,
26/8/2025 08:50,Tuesday Back And Biceps,34m,Triceps Pushdown (Cable - Straight Bar),Rest Timer,0,0,0,90,
26/8/2025 08:50,Tuesday Back And Biceps,34m,Bent Over One Arm Row (Dumbbell),1,25,8,0,0,
26/8/2025 08:50,Tuesday Back And Biceps,34m,Bent Over One Arm Row (Dumbbell),Rest Timer,0,0,0,90,
26/8/2025 08:50,Tuesday Back And Biceps,34m,Bent Over One Arm Row (Dumbbell),2,25,10,0,0,
26/8/2025 08:50,Tuesday Back And Biceps,34m,Bent Over One Arm Row (Dumbbell),Rest Timer,0,0,0,90,
26/8/2025 08:50,Tuesday Back And Biceps,34m,Bent Over One Arm Row (Dumbbell),3,30,6,0,0,
26/8/2025 08:50,Tuesday Back And Biceps,34m,Bent Over One Arm Row (Dumbbell),Rest Timer,0,0,0,90,
26/8/2025 08:50,Tuesday Back And Biceps,34m,Bicep Curl (Dumbbell),1,20,7,0,0,
26/8/2025 08:50,Tuesday Back And Biceps,34m,Bicep Curl (Dumbbell),Rest Timer,0,0,0,90,
26/8/2025 08:50,Tuesday Back And Biceps,34m,Bicep Curl (Dumbbell),2,20,7,0,0,
26/8/2025 08:50,Tuesday Back And Biceps,34m,Bicep Curl (Dumbbell),Rest Timer,0,0,0,90,
26/8/2025 08:50,Tuesday Back And Biceps,34m,Bicep Curl (Dumbbell),3,20,5,0,0,
26/8/2025 08:50,Tuesday Back And Biceps,34m,Bicep Curl (Dumbbell),Rest Timer,0,0,0,90,
26/8/2025 08:50,Tuesday Back And Biceps,34m,Hammer Curl (Dumbbell),1,20,5,0,0,
26/8/2025 08:50,Tuesday Back And Biceps,34m,Hammer Curl (Dumbbell),Rest Timer,0,0,0,90,
26/8/2025 08:50,Tuesday Back And Biceps,34m,Hammer Curl (Dumbbell),2,15,8,0,0,
26/8/2025 08:50,Tuesday Back And Biceps,34m,Hammer Curl (Dumbbell),Rest Timer,0,0,0,90,
26/8/2025 08:50,Tuesday Back And Biceps,34m,Hammer Curl (Dumbbell),3,15,8,0,0,
26/8/2025 08:50,Tuesday Back And Biceps,34m,Hammer Curl (Dumbbell),Rest Timer,0,0,0,90,
27/8/2025 08:44,Leg,35m,Squat (Smith Machine),1,60,6,0,0,
27/8/2025 08:44,Leg,35m,Squat (Smith Machine),Rest Timer,0,0,0,90,
27/8/2025 08:44,Leg,35m,Squat (Smith Machine),2,60,5,0,0,
27/8/2025 08:44,Leg,35m,Squat (Smith Machine),Rest Timer,0,0,0,90,
27/8/2025 08:44,Leg,35m,Squat (Smith Machine),3,60,5,0,0,
27/8/2025 08:44,Leg,35m,Squat (Smith Machine),Rest Timer,0,0,0,90,
27/8/2025 08:44,Leg,35m,Squat (Smith Machine),4,60,5,0,0,
27/8/2025 08:44,Leg,35m,Squat (Smith Machine),Rest Timer,0,0,0,90,
27/8/2025 08:44,Leg,35m,Romanian Deadlift (Dumbbell),1,35,8,0,0,
27/8/2025 08:44,Leg,35m,Romanian Deadlift (Dumbbell),Rest Timer,0,0,0,90,
27/8/2025 08:44,Leg,35m,Romanian Deadlift (Dumbbell),2,35,8,0,0,
27/8/2025 08:44,Leg,35m,Romanian Deadlift (Dumbbell),Rest Timer,0,0,0,90,
27/8/2025 08:44,Leg,35m,Romanian Deadlift (Dumbbell),3,35,8,0,0,
27/8/2025 08:44,Leg,35m,Romanian Deadlift (Dumbbell),Rest Timer,0,0,0,90,
27/8/2025 08:44,Leg,35m,Romanian Deadlift (Dumbbell),4,35,8,0,0,
27/8/2025 08:44,Leg,35m,Romanian Deadlift (Dumbbell),Rest Timer,0,0,0,90,
27/8/2025 08:44,Leg,35m,Standing Calf Raise (Dumbbell),1,40,16,0,0,
27/8/2025 08:44,Leg,35m,Standing Calf Raise (Dumbbell),Rest Timer,0,0,0,45,
27/8/2025 08:44,Leg,35m,Standing Calf Raise (Dumbbell),2,40,16,0,0,
27/8/2025 08:44,Leg,35m,Standing Calf Raise (Dumbbell),Rest Timer,0,0,0,45,
27/8/2025 08:44,Leg,35m,Standing Calf Raise (Dumbbell),3,40,16,0,0,
27/8/2025 08:44,Leg,35m,Standing Calf Raise (Dumbbell),Rest Timer,0,0,0,45,
27/8/2025 08:44,Leg,35m,Leg Extension (Machine),1,50,8,0,0,
27/8/2025 08:44,Leg,35m,Leg Extension (Machine),Rest Timer,0,0,0,90,
27/8/2025 08:44,Leg,35m,Leg Extension (Machine),2,60,8,0,0,
27/8/2025 08:44,Leg,35m,Leg Extension (Machine),Rest Timer,0,0,0,90,
27/8/2025 08:44,Leg,35m,Leg Extension (Machine),3,60,8,0,0,
27/8/2025 08:44,Leg,35m,Leg Extension (Machine),Rest Timer,0,0,0,90,
27/8/2025 08:44,Leg,35m,Stiff Leg Deadlift (Dumbbell),1,35,8,0,0,
27/8/2025 08:44,Leg,35m,Stiff Leg Deadlift (Dumbbell),Rest Timer,0,0,0,90,
27/8/2025 08:44,Leg,35m,Stiff Leg Deadlift (Dumbbell),2,35,8,0,0,
27/8/2025 08:44,Leg,35m,Stiff Leg Deadlift (Dumbbell),Rest Timer,0,0,0,120,
27/8/2025 08:44,Leg,35m,Stiff Leg Deadlift (Dumbbell),3,35,8,0,0,
27/8/2025 08:44,Leg,35m,Stiff Leg Deadlift (Dumbbell),Rest Timer,0,0,0,120,
29/8/2025 08:09,Shoulders Abs ,52m,Shoulder Press (Machine),1,30,6,0,0,
29/8/2025 08:09,Shoulders Abs ,52m,Shoulder Press (Machine),Rest Timer,0,0,0,90,
29/8/2025 08:09,Shoulders Abs ,52m,Shoulder Press (Machine),2,30,6,0,0,
29/8/2025 08:09,Shoulders Abs ,52m,Shoulder Press (Machine),Rest Timer,0,0,0,90,
29/8/2025 08:09,Shoulders Abs ,52m,Shoulder Press (Machine),3,30,5,0,0,
29/8/2025 08:09,Shoulders Abs ,52m,Shoulder Press (Machine),Rest Timer,0,0,0,90,
29/8/2025 08:09,Shoulders Abs ,52m,Shoulder Press (Machine),4,30,4,0,0,
29/8/2025 08:09,Shoulders Abs ,52m,Shoulder Press (Machine),Rest Timer,0,0,0,90,
29/8/2025 08:09,Shoulders Abs ,52m,Lateral Raise (Dumbbell),1,15,8,0,0,
29/8/2025 08:09,Shoulders Abs ,52m,Lateral Raise (Dumbbell),Rest Timer,0,0,0,120,
29/8/2025 08:09,Shoulders Abs ,52m,Lateral Raise (Dumbbell),2,15,8,0,0,
29/8/2025 08:09,Shoulders Abs ,52m,Lateral Raise (Dumbbell),Rest Timer,0,0,0,120,
29/8/2025 08:09,Shoulders Abs ,52m,Lateral Raise (Dumbbell),3,15,8,0,0,
29/8/2025 08:09,Shoulders Abs ,52m,Lateral Raise (Dumbbell),Rest Timer,0,0,0,90,
29/8/2025 08:09,Shoulders Abs ,52m,Lateral Raise (Dumbbell),4,15,7,0,0,
29/8/2025 08:09,Shoulders Abs ,52m,Lateral Raise (Dumbbell),Rest Timer,0,0,0,90,
29/8/2025 08:09,Shoulders Abs ,52m,Chest Fly (Dumbbell),1,20,8,0,0,
29/8/2025 08:09,Shoulders Abs ,52m,Chest Fly (Dumbbell),Rest Timer,0,0,0,90,
29/8/2025 08:09,Shoulders Abs ,52m,Chest Fly (Dumbbell),2,25,7,0,0,
29/8/2025 08:09,Shoulders Abs ,52m,Chest Fly (Dumbbell),Rest Timer,0,0,0,90,
29/8/2025 08:09,Shoulders Abs ,52m,Chest Fly (Dumbbell),3,25,6,0,0,
29/8/2025 08:09,Shoulders Abs ,52m,Chest Fly (Dumbbell),Rest Timer,0,0,0,90,
29/8/2025 08:09,Shoulders Abs ,52m,Plank,1,0,0,0,60,
29/8/2025 08:09,Shoulders Abs ,52m,Plank,Rest Timer,0,0,0,90,
29/8/2025 08:09,Shoulders Abs ,52m,Plank,2,0,0,0,60,
29/8/2025 08:09,Shoulders Abs ,52m,Plank,Rest Timer,0,0,0,90,
29/8/2025 08:09,Shoulders Abs ,52m,Plank,3,0,0,0,60,
29/8/2025 08:09,Shoulders Abs ,52m,Plank,Rest Timer,0,0,0,90,
29/8/2025 08:09,Shoulders Abs ,52m,Bicycle Crunch,1,8.75,8,0,0,
29/8/2025 08:09,Shoulders Abs ,52m,Bicycle Crunch,Rest Timer,0,0,0,120,
29/8/2025 08:09,Shoulders Abs ,52m,Bicycle Crunch,2,8.75,8,0,0,
29/8/2025 08:09,Shoulders Abs ,52m,Bicycle Crunch,Rest Timer,0,0,0,120,
29/8/2025 08:09,Shoulders Abs ,52m,Bicycle Crunch,3,23.75,8,0,0,
29/8/2025 08:09,Shoulders Abs ,52m,Bicycle Crunch,Rest Timer,0,0,0,120,
30/8/2025 06:55,Sat Full Body,40m,Squat (Smith Machine),1,60,7,0,0,
30/8/2025 06:55,Sat Full Body,40m,Squat (Smith Machine),Rest Timer,0,0,0,90,
30/8/2025 06:55,Sat Full Body,40m,Squat (Smith Machine),2,60,7,0,0,
30/8/2025 06:55,Sat Full Body,40m,Squat (Smith Machine),Rest Timer,0,0,0,90,
30/8/2025 06:55,Sat Full Body,40m,Squat (Smith Machine),3,60,6,0,0,
30/8/2025 06:55,Sat Full Body,40m,Squat (Smith Machine),Rest Timer,0,0,0,90,
30/8/2025 06:55,Sat Full Body,40m,Bench Press (Smith Machine),1,35,7,0,0,
30/8/2025 06:55,Sat Full Body,40m,Bench Press (Smith Machine),Rest Timer,0,0,0,90,
30/8/2025 06:55,Sat Full Body,40m,Bench Press (Smith Machine),2,35,7,0,0,
30/8/2025 06:55,Sat Full Body,40m,Bench Press (Smith Machine),Rest Timer,0,0,0,90,
30/8/2025 06:55,Sat Full Body,40m,Bench Press (Smith Machine),3,35,5,0,0,
30/8/2025 06:55,Sat Full Body,40m,Bench Press (Smith Machine),Rest Timer,0,0,0,90,
30/8/2025 06:55,Sat Full Body,40m,Incline Bench Press (Smith Machine),1,35,4,0,0,
30/8/2025 06:55,Sat Full Body,40m,Incline Bench Press (Smith Machine),Rest Timer,0,0,0,90,
30/8/2025 06:55,Sat Full Body,40m,Incline Bench Press (Smith Machine),2,30,6,0,0,
30/8/2025 06:55,Sat Full Body,40m,Incline Bench Press (Smith Machine),Rest Timer,0,0,0,90,
30/8/2025 06:55,Sat Full Body,40m,Incline Bench Press (Smith Machine),3,30,7,0,0,
30/8/2025 06:55,Sat Full Body,40m,Incline Bench Press (Smith Machine),Rest Timer,0,0,0,90,
30/8/2025 06:55,Sat Full Body,40m,Lat Pulldown (Cable),1,35,6,0,0,
30/8/2025 06:55,Sat Full Body,40m,Lat Pulldown (Cable),Rest Timer,0,0,0,90,
30/8/2025 06:55,Sat Full Body,40m,Lat Pulldown (Cable),2,35,6,0,0,
30/8/2025 06:55,Sat Full Body,40m,Lat Pulldown (Cable),Rest Timer,0,0,0,90,
30/8/2025 06:55,Sat Full Body,40m,Lat Pulldown (Cable),3,35,6,0,0,
30/8/2025 06:55,Sat Full Body,40m,Lat Pulldown (Cable),Rest Timer,0,0,0,120,
30/8/2025 06:55,Sat Full Body,40m,Shoulder Press (Machine),1,30,7,0,0,
30/8/2025 06:55,Sat Full Body,40m,Shoulder Press (Machine),Rest Timer,0,0,0,90,
30/8/2025 06:55,Sat Full Body,40m,Shoulder Press (Machine),2,30,5,0,0,
30/8/2025 06:55,Sat Full Body,40m,Shoulder Press (Machine),Rest Timer,0,0,0,90,
30/8/2025 06:55,Sat Full Body,40m,Shoulder Press (Machine),3,30,5,0,0,
30/8/2025 06:55,Sat Full Body,40m,Shoulder Press (Machine),Rest Timer,0,0,0,90,
30/8/2025 06:55,Sat Full Body,40m,Bicep Curl (Dumbbell),1,20,8,0,0,
30/8/2025 06:55,Sat Full Body,40m,Bicep Curl (Dumbbell),Rest Timer,0,0,0,120,
30/8/2025 06:55,Sat Full Body,40m,Bicep Curl (Dumbbell),2,20,8,0,0,
30/8/2025 06:55,Sat Full Body,40m,Bicep Curl (Dumbbell),Rest Timer,0,0,0,90,
30/8/2025 06:55,Sat Full Body,40m,Bicep Curl (Dumbbell),3,20,6,0,0,
1/9/2025 08:36,Monday Chest And Triceps,39m,Bench Press (Smith Machine),1,35,8,0,0,
1/9/2025 08:36,Monday Chest And Triceps,39m,Bench Press (Smith Machine),Rest Timer,0,0,0,120,
1/9/2025 08:36,Monday Chest And Triceps,39m,Bench Press (Smith Machine),2,35,8,0,0,
1/9/2025 08:36,Monday Chest And Triceps,39m,Bench Press (Smith Machine),Rest Timer,0,0,0,120,
1/9/2025 08:36,Monday Chest And Triceps,39m,Bench Press (Smith Machine),3,35,8,0,0,
1/9/2025 08:36,Monday Chest And Triceps,39m,Bench Press (Smith Machine),Rest Timer,0,0,0,90,
1/9/2025 08:36,Monday Chest And Triceps,39m,Bench Press (Smith Machine),4,35,8,0,0,
1/9/2025 08:36,Monday Chest And Triceps,39m,Bench Press (Smith Machine),Rest Timer,0,0,0,90,
1/9/2025 08:36,Monday Chest And Triceps,39m,Incline Bench Press (Smith Machine),1,30,8,0,0,
1/9/2025 08:36,Monday Chest And Triceps,39m,Incline Bench Press (Smith Machine),Rest Timer,0,0,0,90,
1/9/2025 08:36,Monday Chest And Triceps,39m,Incline Bench Press (Smith Machine),2,30,7,0,0,
1/9/2025 08:36,Monday Chest And Triceps,39m,Incline Bench Press (Smith Machine),Rest Timer,0,0,0,90,
1/9/2025 08:36,Monday Chest And Triceps,39m,Incline Bench Press (Smith Machine),3,30,7,0,0,
1/9/2025 08:36,Monday Chest And Triceps,39m,Incline Bench Press (Smith Machine),Rest Timer,0,0,0,90,
1/9/2025 08:36,Monday Chest And Triceps,39m,Incline Bench Press (Smith Machine),4,30,7,0,0,
1/9/2025 08:36,Monday Chest And Triceps,39m,Incline Bench Press (Smith Machine),Rest Timer,0,0,0,90,
1/9/2025 08:36,Monday Chest And Triceps,39m,Chest Fly (Dumbbell),1,25,8,0,0,
1/9/2025 08:36,Monday Chest And Triceps,39m,Chest Fly (Dumbbell),Rest Timer,0,0,0,90,
1/9/2025 08:36,Monday Chest And Triceps,39m,Chest Fly (Dumbbell),2,25,7,0,0,
1/9/2025 08:36,Monday Chest And Triceps,39m,Chest Fly (Dumbbell),Rest Timer,0,0,0,90,
1/9/2025 08:36,Monday Chest And Triceps,39m,Chest Fly (Dumbbell),3,25,8,0,0,
1/9/2025 08:36,Monday Chest And Triceps,39m,Chest Fly (Dumbbell),Rest Timer,0,0,0,90,
1/9/2025 08:36,Monday Chest And Triceps,39m,Bench Press - Close Grip (Barbell),1,25,8,0,0,
1/9/2025 08:36,Monday Chest And Triceps,39m,Bench Press - Close Grip (Barbell),Rest Timer,0,0,0,90,
1/9/2025 08:36,Monday Chest And Triceps,39m,Bench Press - Close Grip (Barbell),2,25,8,0,0,
1/9/2025 08:36,Monday Chest And Triceps,39m,Bench Press - Close Grip (Barbell),Rest Timer,0,0,0,90,
1/9/2025 08:36,Monday Chest And Triceps,39m,Bench Press - Close Grip (Barbell),3,25,8,0,0,
1/9/2025 08:36,Monday Chest And Triceps,39m,Bench Press - Close Grip (Barbell),Rest Timer,0,0,0,90,
1/9/2025 08:36,Monday Chest And Triceps,39m,Triceps Pushdown (Cable - Straight Bar),1,18.5,8,0,0,
1/9/2025 08:36,Monday Chest And Triceps,39m,Triceps Pushdown (Cable - Straight Bar),Rest Timer,0,0,0,120,
1/9/2025 08:36,Monday Chest And Triceps,39m,Triceps Pushdown (Cable - Straight Bar),2,18.5,6,0,0,
1/9/2025 08:36,Monday Chest And Triceps,39m,Triceps Pushdown (Cable - Straight Bar),Rest Timer,0,0,0,120,
1/9/2025 08:36,Monday Chest And Triceps,39m,Triceps Pushdown (Cable - Straight Bar),3,18.5,6,0,0,
1/9/2025 08:36,Monday Chest And Triceps,39m,Triceps Pushdown (Cable - Straight Bar),Rest Timer,0,0,0,120,
2/9/2025 08:27,Tuesday Back And Biceps,38m,Lat Pulldown (Cable),1,35,8,0,0,
2/9/2025 08:27,Tuesday Back And Biceps,38m,Lat Pulldown (Cable),Rest Timer,0,0,0,90,
2/9/2025 08:27,Tuesday Back And Biceps,38m,Lat Pulldown (Cable),2,35,7,0,0,
2/9/2025 08:27,Tuesday Back And Biceps,38m,Lat Pulldown (Cable),Rest Timer,0,0,0,90,
2/9/2025 08:27,Tuesday Back And Biceps,38m,Lat Pulldown (Cable),3,35,7,0,0,
2/9/2025 08:27,Tuesday Back And Biceps,38m,Lat Pulldown (Cable),Rest Timer,0,0,0,90,
2/9/2025 08:27,Tuesday Back And Biceps,38m,Lat Pulldown (Cable),4,35,5,0,0,
2/9/2025 08:27,Tuesday Back And Biceps,38m,Lat Pulldown (Cable),Rest Timer,0,0,0,90,
2/9/2025 08:27,Tuesday Back And Biceps,38m,Triceps Pushdown (Cable - Straight Bar),1,18.5,8,0,0,
2/9/2025 08:27,Tuesday Back And Biceps,38m,Triceps Pushdown (Cable - Straight Bar),Rest Timer,0,0,0,90,
2/9/2025 08:27,Tuesday Back And Biceps,38m,Triceps Pushdown (Cable - Straight Bar),2,18.5,8,0,0,
2/9/2025 08:27,Tuesday Back And Biceps,38m,Triceps Pushdown (Cable - Straight Bar),Rest Timer,0,0,0,90,
2/9/2025 08:27,Tuesday Back And Biceps,38m,Triceps Pushdown (Cable - Straight Bar),3,18.5,8,0,0,
2/9/2025 08:27,Tuesday Back And Biceps,38m,Triceps Pushdown (Cable - Straight Bar),Rest Timer,0,0,0,90,
2/9/2025 08:27,Tuesday Back And Biceps,38m,Triceps Pushdown (Cable - Straight Bar),4,18.5,8,0,0,
2/9/2025 08:27,Tuesday Back And Biceps,38m,Triceps Pushdown (Cable - Straight Bar),Rest Timer,0,0,0,90,
2/9/2025 08:27,Tuesday Back And Biceps,38m,Bent Over One Arm Row (Dumbbell),1,30,6,0,0,
2/9/2025 08:27,Tuesday Back And Biceps,38m,Bent Over One Arm Row (Dumbbell),Rest Timer,0,0,0,90,
2/9/2025 08:27,Tuesday Back And Biceps,38m,Bent Over One Arm Row (Dumbbell),2,30,6,0,0,
2/9/2025 08:27,Tuesday Back And Biceps,38m,Bent Over One Arm Row (Dumbbell),Rest Timer,0,0,0,90,
2/9/2025 08:27,Tuesday Back And Biceps,38m,Bent Over One Arm Row (Dumbbell),3,30,6,0,0,
2/9/2025 08:27,Tuesday Back And Biceps,38m,Bent Over One Arm Row (Dumbbell),Rest Timer,0,0,0,90,
2/9/2025 08:27,Tuesday Back And Biceps,38m,Bicep Curl (Dumbbell),1,20,8,0,0,
2/9/2025 08:27,Tuesday Back And Biceps,38m,Bicep Curl (Dumbbell),Rest Timer,0,0,0,90,
2/9/2025 08:27,Tuesday Back And Biceps,38m,Bicep Curl (Dumbbell),2,20,8,0,0,
2/9/2025 08:27,Tuesday Back And Biceps,38m,Bicep Curl (Dumbbell),Rest Timer,0,0,0,90,
2/9/2025 08:27,Tuesday Back And Biceps,38m,Bicep Curl (Dumbbell),3,20,6,0,0,
2/9/2025 08:27,Tuesday Back And Biceps,38m,Bicep Curl (Dumbbell),Rest Timer,0,0,0,90,
2/9/2025 08:27,Tuesday Back And Biceps,38m,Hammer Curl (Dumbbell),1,20,5,0,0,
2/9/2025 08:27,Tuesday Back And Biceps,38m,Hammer Curl (Dumbbell),Rest Timer,0,0,0,90,
2/9/2025 08:27,Tuesday Back And Biceps,38m,Hammer Curl (Dumbbell),2,20,6,0,0,
2/9/2025 08:27,Tuesday Back And Biceps,38m,Hammer Curl (Dumbbell),Rest Timer,0,0,0,90,
2/9/2025 08:27,Tuesday Back And Biceps,38m,Hammer Curl (Dumbbell),3,15,10,0,0,
2/9/2025 08:27,Tuesday Back And Biceps,38m,Hammer Curl (Dumbbell),Rest Timer,0,0,0,90,
3/9/2025 08:53,Leg,41m,Squat (Smith Machine),1,60,8,0,0,
3/9/2025 08:53,Leg,41m,Squat (Smith Machine),Rest Timer,0,0,0,90,
3/9/2025 08:53,Leg,41m,Squat (Smith Machine),2,60,8,0,0,
3/9/2025 08:53,Leg,41m,Squat (Smith Machine),Rest Timer,0,0,0,90,
3/9/2025 08:53,Leg,41m,Squat (Smith Machine),3,60,7,0,0,
3/9/2025 08:53,Leg,41m,Squat (Smith Machine),Rest Timer,0,0,0,90,
3/9/2025 08:53,Leg,41m,Squat (Smith Machine),4,60,7,0,0,
3/9/2025 08:53,Leg,41m,Squat (Smith Machine),Rest Timer,0,0,0,90,
3/9/2025 08:53,Leg,41m,Romanian Deadlift (Dumbbell),1,40,7,0,0,
3/9/2025 08:53,Leg,41m,Romanian Deadlift (Dumbbell),Rest Timer,0,0,0,120,
3/9/2025 08:53,Leg,41m,Romanian Deadlift (Dumbbell),2,40,6,0,0,
3/9/2025 08:53,Leg,41m,Romanian Deadlift (Dumbbell),Rest Timer,0,0,0,120,
3/9/2025 08:53,Leg,41m,Romanian Deadlift (Dumbbell),3,40,8,0,0,
3/9/2025 08:53,Leg,41m,Romanian Deadlift (Dumbbell),Rest Timer,0,0,0,120,
3/9/2025 08:53,Leg,41m,Romanian Deadlift (Dumbbell),4,40,7,0,0,
3/9/2025 08:53,Leg,41m,Romanian Deadlift (Dumbbell),Rest Timer,0,0,0,120,
3/9/2025 08:53,Leg,41m,Leg Extension (Machine),1,65,8,0,0,
3/9/2025 08:53,Leg,41m,Leg Extension (Machine),Rest Timer,0,0,0,120,
3/9/2025 08:53,Leg,41m,Leg Extension (Machine),2,65,8,0,0,
3/9/2025 08:53,Leg,41m,Leg Extension (Machine),Rest Timer,0,0,0,90,
3/9/2025 08:53,Leg,41m,Leg Extension (Machine),3,65,8,0,0,
3/9/2025 08:53,Leg,41m,Leg Extension (Machine),Rest Timer,0,0,0,90,
3/9/2025 08:53,Leg,41m,Standing Calf Raise (Dumbbell),1,40,16,0,0,
3/9/2025 08:53,Leg,41m,Standing Calf Raise (Dumbbell),Rest Timer,0,0,0,45,
3/9/2025 08:53,Leg,41m,Standing Calf Raise (Dumbbell),2,40,16,0,0,
3/9/2025 08:53,Leg,41m,Standing Calf Raise (Dumbbell),Rest Timer,0,0,0,45,
3/9/2025 08:53,Leg,41m,Standing Calf Raise (Dumbbell),3,40,16,0,0,
3/9/2025 08:53,Leg,41m,Standing Calf Raise (Dumbbell),Rest Timer,0,0,0,45,
3/9/2025 08:53,Leg,41m,Stiff Leg Deadlift (Barbell),1,25,8,0,0,
3/9/2025 08:53,Leg,41m,Stiff Leg Deadlift (Barbell),Rest Timer,0,0,0,120,
3/9/2025 08:53,Leg,41m,Stiff Leg Deadlift (Barbell),2,30,7,0,0,
3/9/2025 08:53,Leg,41m,Stiff Leg Deadlift (Barbell),Rest Timer,0,0,0,120,
3/9/2025 08:53,Leg,41m,Stiff Leg Deadlift (Barbell),3,30,8,0,0,
3/9/2025 08:53,Leg,41m,Stiff Leg Deadlift (Barbell),Rest Timer,0,0,0,120,
5/9/2025 08:59,Fri Shoulders Abs ,45m,Shoulder Press (Machine),1,30,8,0,0,
5/9/2025 08:59,Fri Shoulders Abs ,45m,Shoulder Press (Machine),Rest Timer,0,0,0,90,
5/9/2025 08:59,Fri Shoulders Abs ,45m,Shoulder Press (Machine),2,30,7,0,0,
5/9/2025 08:59,Fri Shoulders Abs ,45m,Shoulder Press (Machine),Rest Timer,0,0,0,80,
5/9/2025 08:59,Fri Shoulders Abs ,45m,Shoulder Press (Machine),3,30,7,0,0,
5/9/2025 08:59,Fri Shoulders Abs ,45m,Shoulder Press (Machine),Rest Timer,0,0,0,90,
5/9/2025 08:59,Fri Shoulders Abs ,45m,Shoulder Press (Machine),4,30,5,0,0,
5/9/2025 08:59,Fri Shoulders Abs ,45m,Shoulder Press (Machine),Rest Timer,0,0,0,90,
5/9/2025 08:59,Fri Shoulders Abs ,45m,Lateral Raise (Dumbbell),1,15,8,0,0,
5/9/2025 08:59,Fri Shoulders Abs ,45m,Lateral Raise (Dumbbell),Rest Timer,0,0,0,120,
5/9/2025 08:59,Fri Shoulders Abs ,45m,Lateral Raise (Dumbbell),2,15,8,0,0,
5/9/2025 08:59,Fri Shoulders Abs ,45m,Lateral Raise (Dumbbell),Rest Timer,0,0,0,90,
5/9/2025 08:59,Fri Shoulders Abs ,45m,Lateral Raise (Dumbbell),3,15,8,0,0,
5/9/2025 08:59,Fri Shoulders Abs ,45m,Lateral Raise (Dumbbell),Rest Timer,0,0,0,90,
5/9/2025 08:59,Fri Shoulders Abs ,45m,Lateral Raise (Dumbbell),4,15,8,0,0,
5/9/2025 08:59,Fri Shoulders Abs ,45m,Lateral Raise (Dumbbell),Rest Timer,0,0,0,90,
5/9/2025 08:59,Fri Shoulders Abs ,45m,Chest Fly (Dumbbell),1,30,6,0,0,
5/9/2025 08:59,Fri Shoulders Abs ,45m,Chest Fly (Dumbbell),Rest Timer,0,0,0,90,
5/9/2025 08:59,Fri Shoulders Abs ,45m,Chest Fly (Dumbbell),2,30,6,0,0,
5/9/2025 08:59,Fri Shoulders Abs ,45m,Chest Fly (Dumbbell),Rest Timer,0,0,0,90,
5/9/2025 08:59,Fri Shoulders Abs ,45m,Chest Fly (Dumbbell),3,30,5,0,0,
5/9/2025 08:59,Fri Shoulders Abs ,45m,Chest Fly (Dumbbell),Rest Timer,0,0,0,90,
5/9/2025 08:59,Fri Shoulders Abs ,45m,Chest Fly (Dumbbell),4,30,6,0,0,
5/9/2025 08:59,Fri Shoulders Abs ,45m,Chest Fly (Dumbbell),Rest Timer,0,0,0,90,
5/9/2025 08:59,Fri Shoulders Abs ,45m,Plank,1,0,0,0,70,
5/9/2025 08:59,Fri Shoulders Abs ,45m,Plank,Rest Timer,0,0,0,90,
5/9/2025 08:59,Fri Shoulders Abs ,45m,Plank,2,0,0,0,40,
5/9/2025 08:59,Fri Shoulders Abs ,45m,Plank,Rest Timer,0,0,0,90,
5/9/2025 08:59,Fri Shoulders Abs ,45m,Plank,3,0,0,0,45,
5/9/2025 08:59,Fri Shoulders Abs ,45m,Plank,Rest Timer,0,0,0,90,
5/9/2025 08:59,Fri Shoulders Abs ,45m,Bicycle Crunch,1,27.5,8,0,0,
5/9/2025 08:59,Fri Shoulders Abs ,45m,Bicycle Crunch,Rest Timer,0,0,0,90,
5/9/2025 08:59,Fri Shoulders Abs ,45m,Bicycle Crunch,2,27.5,8,0,0,
5/9/2025 08:59,Fri Shoulders Abs ,45m,Bicycle Crunch,Rest Timer,0,0,0,120,
5/9/2025 08:59,Fri Shoulders Abs ,45m,Bicycle Crunch,3,27.5,6,0,0,
6/9/2025 08:49,Sat Full Body,43m,Leg Extension (Machine),1,65,8,0,0,
6/9/2025 08:49,Sat Full Body,43m,Leg Extension (Machine),Rest Timer,0,0,0,120,
6/9/2025 08:49,Sat Full Body,43m,Leg Extension (Machine),2,65,8,0,0,
6/9/2025 08:49,Sat Full Body,43m,Leg Extension (Machine),Rest Timer,0,0,0,90,
6/9/2025 08:49,Sat Full Body,43m,Leg Extension (Machine),3,65,8,0,0,
6/9/2025 08:49,Sat Full Body,43m,Leg Extension (Machine),Rest Timer,0,0,0,90,
6/9/2025 08:49,Sat Full Body,43m,Bench Press (Dumbbell),1,30,8,0,0,
6/9/2025 08:49,Sat Full Body,43m,Bench Press (Dumbbell),Rest Timer,0,0,0,90,
6/9/2025 08:49,Sat Full Body,43m,Bench Press (Dumbbell),2,30,8,0,0,
6/9/2025 08:49,Sat Full Body,43m,Bench Press (Dumbbell),Rest Timer,0,0,0,90,
6/9/2025 08:49,Sat Full Body,43m,Bench Press (Dumbbell),3,30,6,0,0,
6/9/2025 08:49,Sat Full Body,43m,Bench Press (Dumbbell),Rest Timer,0,0,0,90,
6/9/2025 08:49,Sat Full Body,43m,Lat Pulldown (Cable),1,35,8,0,0,
6/9/2025 08:49,Sat Full Body,43m,Lat Pulldown (Cable),Rest Timer,0,0,0,90,
6/9/2025 08:49,Sat Full Body,43m,Lat Pulldown (Cable),2,35,8,0,0,
6/9/2025 08:49,Sat Full Body,43m,Lat Pulldown (Cable),Rest Timer,0,0,0,90,
6/9/2025 08:49,Sat Full Body,43m,Lat Pulldown (Cable),3,35,7,0,0,
6/9/2025 08:49,Sat Full Body,43m,Lat Pulldown (Cable),Rest Timer,0,0,0,90,
6/9/2025 08:49,Sat Full Body,43m,Shoulder Press (Machine),1,30,8,0,0,
6/9/2025 08:49,Sat Full Body,43m,Shoulder Press (Machine),Rest Timer,0,0,0,90,
6/9/2025 08:49,Sat Full Body,43m,Shoulder Press (Machine),2,30,8,0,0,
6/9/2025 08:49,Sat Full Body,43m,Shoulder Press (Machine),Rest Timer,0,0,0,90,
6/9/2025 08:49,Sat Full Body,43m,Shoulder Press (Machine),3,30,4,0,0,
6/9/2025 08:49,Sat Full Body,43m,Shoulder Press (Machine),Rest Timer,0,0,0,90,
6/9/2025 08:49,Sat Full Body,43m,Bicep Curl (Dumbbell),1,20,8,0,0,
6/9/2025 08:49,Sat Full Body,43m,Bicep Curl (Dumbbell),Rest Timer,0,0,0,120,
6/9/2025 08:49,Sat Full Body,43m,Bicep Curl (Dumbbell),2,20,8,0,0,
6/9/2025 08:49,Sat Full Body,43m,Bicep Curl (Dumbbell),Rest Timer,0,0,0,120,
6/9/2025 08:49,Sat Full Body,43m,Bicep Curl (Dumbbell),3,20,8,0,0,
6/9/2025 08:49,Sat Full Body,43m,Bicep Curl (Dumbbell),Rest Timer,0,0,0,120,
6/9/2025 08:49,Sat Full Body,43m,Incline Bench Press (Dumbbell),1,30,6,0,0,
6/9/2025 08:49,Sat Full Body,43m,Incline Bench Press (Dumbbell),Rest Timer,0,0,0,90,
6/9/2025 08:49,Sat Full Body,43m,Incline Bench Press (Dumbbell),2,30,6,0,0,
6/9/2025 08:49,Sat Full Body,43m,Incline Bench Press (Dumbbell),Rest Timer,0,0,0,90,
6/9/2025 08:49,Sat Full Body,43m,Incline Bench Press (Dumbbell),3,30,6,0,0,
6/9/2025 08:49,Sat Full Body,43m,Incline Bench Press (Dumbbell),Rest Timer,0,0,0,90,
8/9/2025 07:42,Monday Chest And Triceps,4h 10m,Bench Press (Smith Machine),1,40,6,0,0,
8/9/2025 07:42,Monday Chest And Triceps,4h 10m,Bench Press (Smith Machine),Rest Timer,0,0,0,90,
8/9/2025 07:42,Monday Chest And Triceps,4h 10m,Bench Press (Smith Machine),2,40,6,0,0,
8/9/2025 07:42,Monday Chest And Triceps,4h 10m,Bench Press (Smith Machine),Rest Timer,0,0,0,90,
8/9/2025 07:42,Monday Chest And Triceps,4h 10m,Bench Press (Smith Machine),3,40,5,0,0,
8/9/2025 07:42,Monday Chest And Triceps,4h 10m,Bench Press (Smith Machine),Rest Timer,0,0,0,90,
8/9/2025 07:42,Monday Chest And Triceps,4h 10m,Incline Bench Press (Smith Machine),1,30,8,0,0,
8/9/2025 07:42,Monday Chest And Triceps,4h 10m,Incline Bench Press (Smith Machine),Rest Timer,0,0,0,90,
8/9/2025 07:42,Monday Chest And Triceps,4h 10m,Incline Bench Press (Smith Machine),2,30,7,0,0,
8/9/2025 07:42,Monday Chest And Triceps,4h 10m,Incline Bench Press (Smith Machine),Rest Timer,0,0,0,90,
8/9/2025 07:42,Monday Chest And Triceps,4h 10m,Incline Bench Press (Smith Machine),3,30,8,0,0,
8/9/2025 07:42,Monday Chest And Triceps,4h 10m,Incline Bench Press (Smith Machine),Rest Timer,0,0,0,90,
8/9/2025 07:42,Monday Chest And Triceps,4h 10m,Chest Fly (Dumbbell),1,30,8,0,0,
8/9/2025 07:42,Monday Chest And Triceps,4h 10m,Chest Fly (Dumbbell),Rest Timer,0,0,0,90,
8/9/2025 07:42,Monday Chest And Triceps,4h 10m,Chest Fly (Dumbbell),2,30,6,0,0,
8/9/2025 07:42,Monday Chest And Triceps,4h 10m,Chest Fly (Dumbbell),Rest Timer,0,0,0,90,
8/9/2025 07:42,Monday Chest And Triceps,4h 10m,Chest Fly (Dumbbell),3,30,7,0,0,
8/9/2025 07:42,Monday Chest And Triceps,4h 10m,Chest Fly (Dumbbell),Rest Timer,0,0,0,90,
8/9/2025 07:42,Monday Chest And Triceps,4h 10m,Bench Press - Close Grip (Barbell),1,25,8,0,0,
8/9/2025 07:42,Monday Chest And Triceps,4h 10m,Bench Press - Close Grip (Barbell),Rest Timer,0,0,0,90,
8/9/2025 07:42,Monday Chest And Triceps,4h 10m,Bench Press - Close Grip (Barbell),2,25,8,0,0,
8/9/2025 07:42,Monday Chest And Triceps,4h 10m,Bench Press - Close Grip (Barbell),Rest Timer,0,0,0,90,
8/9/2025 07:42,Monday Chest And Triceps,4h 10m,Bench Press - Close Grip (Barbell),3,25,8,0,0,
8/9/2025 07:42,Monday Chest And Triceps,4h 10m,Bench Press - Close Grip (Barbell),Rest Timer,0,0,0,90,
8/9/2025 07:42,Monday Chest And Triceps,4h 10m,Triceps Pushdown (Cable - Straight Bar),1,18.5,8,0,0,
8/9/2025 07:42,Monday Chest And Triceps,4h 10m,Triceps Pushdown (Cable - Straight Bar),Rest Timer,0,0,0,120,
8/9/2025 07:42,Monday Chest And Triceps,4h 10m,Triceps Pushdown (Cable - Straight Bar),2,14,12,0,0,
8/9/2025 07:42,Monday Chest And Triceps,4h 10m,Triceps Pushdown (Cable - Straight Bar),Rest Timer,0,0,0,120,
8/9/2025 07:42,Monday Chest And Triceps,4h 10m,Triceps Pushdown (Cable - Straight Bar),3,18.5,6,0,0,
8/9/2025 07:42,Monday Chest And Triceps,4h 10m,Triceps Pushdown (Cable - Straight Bar),Rest Timer,0,0,0,120,
9/9/2025 07:37,Tuesday Back And Biceps,45m,Lat Pulldown (Cable),1,35,8,0,0,
9/9/2025 07:37,Tuesday Back And Biceps,45m,Lat Pulldown (Cable),Rest Timer,0,0,0,90,
9/9/2025 07:37,Tuesday Back And Biceps,45m,Lat Pulldown (Cable),2,35,7,0,0,
9/9/2025 07:37,Tuesday Back And Biceps,45m,Lat Pulldown (Cable),Rest Timer,0,0,0,90,
9/9/2025 07:37,Tuesday Back And Biceps,45m,Lat Pulldown (Cable),3,30,8,0,0,
9/9/2025 07:37,Tuesday Back And Biceps,45m,Lat Pulldown (Cable),Rest Timer,0,0,0,90,
9/9/2025 07:37,Tuesday Back And Biceps,45m,Lat Pulldown (Cable),4,30,7,0,0,
9/9/2025 07:37,Tuesday Back And Biceps,45m,Lat Pulldown (Cable),Rest Timer,0,0,0,90,
9/9/2025 07:37,Tuesday Back And Biceps,45m,Bent Over One Arm Row (Dumbbell),1,30,8,0,0,
9/9/2025 07:37,Tuesday Back And Biceps,45m,Bent Over One Arm Row (Dumbbell),Rest Timer,0,0,0,90,
9/9/2025 07:37,Tuesday Back And Biceps,45m,Bent Over One Arm Row (Dumbbell),2,30,8,0,0,
9/9/2025 07:37,Tuesday Back And Biceps,45m,Bent Over One Arm Row (Dumbbell),Rest Timer,0,0,0,90,
9/9/2025 07:37,Tuesday Back And Biceps,45m,Bent Over One Arm Row (Dumbbell),3,30,8,0,0,
9/9/2025 07:37,Tuesday Back And Biceps,45m,Bent Over One Arm Row (Dumbbell),Rest Timer,0,0,0,90,
9/9/2025 07:37,Tuesday Back And Biceps,45m,Triceps Pushdown (Cable - Straight Bar),1,18.5,10,0,0,
9/9/2025 07:37,Tuesday Back And Biceps,45m,Triceps Pushdown (Cable - Straight Bar),Rest Timer,0,0,0,90,
9/9/2025 07:37,Tuesday Back And Biceps,45m,Triceps Pushdown (Cable - Straight Bar),2,18.5,10,0,0,
9/9/2025 07:37,Tuesday Back And Biceps,45m,Triceps Pushdown (Cable - Straight Bar),Rest Timer,0,0,0,90,
9/9/2025 07:37,Tuesday Back And Biceps,45m,Triceps Pushdown (Cable - Straight Bar),3,18.5,9,0,0,
9/9/2025 07:37,Tuesday Back And Biceps,45m,Triceps Pushdown (Cable - Straight Bar),Rest Timer,0,0,0,90,
9/9/2025 07:37,Tuesday Back And Biceps,45m,Triceps Pushdown (Cable - Straight Bar),4,1.85,6,0,0,
9/9/2025 07:37,Tuesday Back And Biceps,45m,Triceps Pushdown (Cable - Straight Bar),Rest Timer,0,0,0,90,
9/9/2025 07:37,Tuesday Back And Biceps,45m,Bicep Curl (Dumbbell),1,25,5,0,0,
9/9/2025 07:37,Tuesday Back And Biceps,45m,Bicep Curl (Dumbbell),Rest Timer,0,0,0,90,
9/9/2025 07:37,Tuesday Back And Biceps,45m,Bicep Curl (Dumbbell),2,25,8,0,0,
9/9/2025 07:37,Tuesday Back And Biceps,45m,Bicep Curl (Dumbbell),Rest Timer,0,0,0,90,
9/9/2025 07:37,Tuesday Back And Biceps,45m,Bicep Curl (Dumbbell),3,25,5,0,0,
9/9/2025 07:37,Tuesday Back And Biceps,45m,Bicep Curl (Dumbbell),Rest Timer,0,0,0,90,
9/9/2025 07:37,Tuesday Back And Biceps,45m,Hammer Curl (Dumbbell),1,20,8,0,0,
9/9/2025 07:37,Tuesday Back And Biceps,45m,Hammer Curl (Dumbbell),Rest Timer,0,0,0,90,
9/9/2025 07:37,Tuesday Back And Biceps,45m,Hammer Curl (Dumbbell),2,20,7,0,0,
9/9/2025 07:37,Tuesday Back And Biceps,45m,Hammer Curl (Dumbbell),Rest Timer,0,0,0,90,
9/9/2025 07:37,Tuesday Back And Biceps,45m,Hammer Curl (Dumbbell),3,20,8,0,0,
9/9/2025 07:37,Tuesday Back And Biceps,45m,Hammer Curl (Dumbbell),Rest Timer,0,0,0,90,
10/9/2025 07:56,Sat Full Body,8m,Squat (Smith Machine),1,60,8,0,0,
10/9/2025 07:56,Sat Full Body,8m,Squat (Smith Machine),Rest Timer,0,0,0,90,
10/9/2025 07:56,Sat Full Body,8m,Squat (Smith Machine),2,60,8,0,0,
10/9/2025 07:56,Sat Full Body,8m,Squat (Smith Machine),Rest Timer,0,0,0,90,
10/9/2025 07:56,Sat Full Body,8m,Squat (Smith Machine),3,60,6,0,0,
10/9/2025 07:56,Sat Full Body,8m,Squat (Smith Machine),Rest Timer,0,0,0,90,
10/9/2025 08:04,Leg,34m,Squat (Smith Machine),1,60,8,0,0,
10/9/2025 08:04,Leg,34m,Squat (Smith Machine),Rest Timer,0,0,0,90,
10/9/2025 08:04,Leg,34m,Squat (Smith Machine),2,60,8,0,0,
10/9/2025 08:04,Leg,34m,Squat (Smith Machine),Rest Timer,0,0,0,90,
10/9/2025 08:04,Leg,34m,Squat (Smith Machine),3,60,7,0,0,
10/9/2025 08:04,Leg,34m,Squat (Smith Machine),Rest Timer,0,0,0,90,
10/9/2025 08:04,Leg,34m,Squat (Smith Machine),4,60,6,0,0,
10/9/2025 08:04,Leg,34m,Squat (Smith Machine),Rest Timer,0,0,0,90,
10/9/2025 08:04,Leg,34m,Romanian Deadlift (Dumbbell),1,35,8,0,0,
10/9/2025 08:04,Leg,34m,Romanian Deadlift (Dumbbell),Rest Timer,0,0,0,120,
10/9/2025 08:04,Leg,34m,Romanian Deadlift (Dumbbell),2,40,8,0,0,
10/9/2025 08:04,Leg,34m,Romanian Deadlift (Dumbbell),Rest Timer,0,0,0,120,
10/9/2025 08:04,Leg,34m,Romanian Deadlift (Dumbbell),3,40,7,0,0,
10/9/2025 08:04,Leg,34m,Romanian Deadlift (Dumbbell),Rest Timer,0,0,0,90,
10/9/2025 08:04,Leg,34m,Romanian Deadlift (Dumbbell),4,40,7,0,0,
10/9/2025 08:04,Leg,34m,Romanian Deadlift (Dumbbell),Rest Timer,0,0,0,90,
10/9/2025 08:04,Leg,34m,Leg Extension (Machine),1,70,8,0,0,
10/9/2025 08:04,Leg,34m,Leg Extension (Machine),Rest Timer,0,0,0,120,
10/9/2025 08:04,Leg,34m,Leg Extension (Machine),2,70,8,0,0,
10/9/2025 08:04,Leg,34m,Leg Extension (Machine),Rest Timer,0,0,0,120,
10/9/2025 08:04,Leg,34m,Leg Extension (Machine),3,70,8,0,0,
10/9/2025 08:04,Leg,34m,Leg Extension (Machine),Rest Timer,0,0,0,120,
10/9/2025 08:04,Leg,34m,Standing Calf Raise (Dumbbell),1,45,12,0,0,
10/9/2025 08:04,Leg,34m,Standing Calf Raise (Dumbbell),Rest Timer,0,0,0,45,
10/9/2025 08:04,Leg,34m,Standing Calf Raise (Dumbbell),2,45,12,0,0,
10/9/2025 08:04,Leg,34m,Standing Calf Raise (Dumbbell),Rest Timer,0,0,0,45,
10/9/2025 08:04,Leg,34m,Standing Calf Raise (Dumbbell),3,45,12,0,0,
10/9/2025 08:04,Leg,34m,Standing Calf Raise (Dumbbell),Rest Timer,0,0,0,45,
10/9/2025 08:04,Leg,34m,Stiff Leg Deadlift (Barbell),1,25,8,0,0,
10/9/2025 08:04,Leg,34m,Stiff Leg Deadlift (Barbell),Rest Timer,0,0,0,120,
10/9/2025 08:04,Leg,34m,Stiff Leg Deadlift (Barbell),2,25,8,0,0,
10/9/2025 08:04,Leg,34m,Stiff Leg Deadlift (Barbell),Rest Timer,0,0,0,120,
10/9/2025 08:04,Leg,34m,Stiff Leg Deadlift (Barbell),3,20,8,0,0,
10/9/2025 08:04,Leg,34m,Stiff Leg Deadlift (Barbell),Rest Timer,0,0,0,120,
12/9/2025 08:56,Fri Shoulders Abs ,47m,Shoulder Press (Machine),1,30,8,0,0,
12/9/2025 08:56,Fri Shoulders Abs ,47m,Shoulder Press (Machine),Rest Timer,0,0,0,90,
12/9/2025 08:56,Fri Shoulders Abs ,47m,Shoulder Press (Machine),2,30,7,0,0,
12/9/2025 08:56,Fri Shoulders Abs ,47m,Shoulder Press (Machine),Rest Timer,0,0,0,90,
12/9/2025 08:56,Fri Shoulders Abs ,47m,Shoulder Press (Machine),3,30,6,0,0,
12/9/2025 08:56,Fri Shoulders Abs ,47m,Shoulder Press (Machine),Rest Timer,0,0,0,90,
12/9/2025 08:56,Fri Shoulders Abs ,47m,Shoulder Press (Machine),4,25,6,0,0,
12/9/2025 08:56,Fri Shoulders Abs ,47m,Shoulder Press (Machine),Rest Timer,0,0,0,90,
12/9/2025 08:56,Fri Shoulders Abs ,47m,Lateral Raise (Dumbbell),1,20,6,0,0,
12/9/2025 08:56,Fri Shoulders Abs ,47m,Lateral Raise (Dumbbell),Rest Timer,0,0,0,120,
12/9/2025 08:56,Fri Shoulders Abs ,47m,Lateral Raise (Dumbbell),2,20,7,0,0,
12/9/2025 08:56,Fri Shoulders Abs ,47m,Lateral Raise (Dumbbell),Rest Timer,0,0,0,120,
12/9/2025 08:56,Fri Shoulders Abs ,47m,Lateral Raise (Dumbbell),3,20,7,0,0,
12/9/2025 08:56,Fri Shoulders Abs ,47m,Lateral Raise (Dumbbell),Rest Timer,0,0,0,120,
12/9/2025 08:56,Fri Shoulders Abs ,47m,Lateral Raise (Dumbbell),4,20,6,0,0,
12/9/2025 08:56,Fri Shoulders Abs ,47m,Lateral Raise (Dumbbell),Rest Timer,0,0,0,120,
12/9/2025 08:56,Fri Shoulders Abs ,47m,Chest Fly (Dumbbell),1,25,7,0,0,
12/9/2025 08:56,Fri Shoulders Abs ,47m,Chest Fly (Dumbbell),Rest Timer,0,0,0,120,
12/9/2025 08:56,Fri Shoulders Abs ,47m,Chest Fly (Dumbbell),2,25,8,0,0,
12/9/2025 08:56,Fri Shoulders Abs ,47m,Chest Fly (Dumbbell),Rest Timer,0,0,0,120,
12/9/2025 08:56,Fri Shoulders Abs ,47m,Chest Fly (Dumbbell),3,25,8,0,0,
12/9/2025 08:56,Fri Shoulders Abs ,47m,Chest Fly (Dumbbell),Rest Timer,0,0,0,120,
12/9/2025 08:56,Fri Shoulders Abs ,47m,Plank,1,0,0,0,60,
12/9/2025 08:56,Fri Shoulders Abs ,47m,Plank,Rest Timer,0,0,0,90,
12/9/2025 08:56,Fri Shoulders Abs ,47m,Plank,2,0,0,0,60,
12/9/2025 08:56,Fri Shoulders Abs ,47m,Plank,Rest Timer,0,0,0,90,
12/9/2025 08:56,Fri Shoulders Abs ,47m,Cable Crunch,1,32,8,0,0,
12/9/2025 08:56,Fri Shoulders Abs ,47m,Cable Crunch,Rest Timer,0,0,0,120,
12/9/2025 08:56,Fri Shoulders Abs ,47m,Cable Crunch,2,32,8,0,0,
12/9/2025 08:56,Fri Shoulders Abs ,47m,Cable Crunch,Rest Timer,0,0,0,120,
12/9/2025 08:56,Fri Shoulders Abs ,47m,Cable Crunch,3,32,8,0,0,
12/9/2025 08:56,Fri Shoulders Abs ,47m,Cable Crunch,Rest Timer,0,0,0,120,
13/9/2025 10:14,Sat Full Body,23m,Lat Pulldown (Cable),1,35,8,0,0,
13/9/2025 10:14,Sat Full Body,23m,Lat Pulldown (Cable),Rest Timer,0,0,0,90,
13/9/2025 10:14,Sat Full Body,23m,Lat Pulldown (Cable),2,35,8,0,0,
13/9/2025 10:14,Sat Full Body,23m,Lat Pulldown (Cable),Rest Timer,0,0,0,90,
13/9/2025 10:14,Sat Full Body,23m,Lat Pulldown (Cable),3,35,8,0,0,
13/9/2025 10:14,Sat Full Body,23m,Lat Pulldown (Cable),Rest Timer,0,0,0,90,
13/9/2025 10:14,Sat Full Body,23m,Shoulder Press (Machine),1,30,8,0,0,
13/9/2025 10:14,Sat Full Body,23m,Shoulder Press (Machine),Rest Timer,0,0,0,90,
13/9/2025 10:14,Sat Full Body,23m,Shoulder Press (Machine),2,30,8,0,0,
13/9/2025 10:14,Sat Full Body,23m,Shoulder Press (Machine),Rest Timer,0,0,0,90,
13/9/2025 10:14,Sat Full Body,23m,Shoulder Press (Machine),3,30,6,0,0,
13/9/2025 10:14,Sat Full Body,23m,Shoulder Press (Machine),Rest Timer,0,0,0,90,
13/9/2025 10:14,Sat Full Body,23m,Bicep Curl (Dumbbell),1,25,8,0,0,
13/9/2025 10:14,Sat Full Body,23m,Bicep Curl (Dumbbell),Rest Timer,0,0,0,120,
13/9/2025 10:14,Sat Full Body,23m,Bicep Curl (Dumbbell),2,25,7,0,0,
13/9/2025 10:14,Sat Full Body,23m,Bicep Curl (Dumbbell),Rest Timer,0,0,0,120,
13/9/2025 10:14,Sat Full Body,23m,Bicep Curl (Dumbbell),3,25,5,0,0,
13/9/2025 10:14,Sat Full Body,23m,Bicep Curl (Dumbbell),Rest Timer,0,0,0,120,
13/9/2025 10:14,Sat Full Body,23m,Bench Press (Smith Machine),1,30,8,0,0,
13/9/2025 10:14,Sat Full Body,23m,Bench Press (Smith Machine),Rest Timer,0,0,0,90,
13/9/2025 10:14,Sat Full Body,23m,Bench Press (Smith Machine),2,30,8,0,0,
13/9/2025 10:14,Sat Full Body,23m,Bench Press (Smith Machine),Rest Timer,0,0,0,90,
13/9/2025 10:14,Sat Full Body,23m,Bench Press (Smith Machine),3,30,6,0,0,
13/9/2025 10:14,Sat Full Body,23m,Bench Press (Smith Machine),Rest Timer,0,0,0,90,
13/9/2025 10:14,Sat Full Body,23m,Squat (Smith Machine),1,60,7,0,0,
13/9/2025 10:14,Sat Full Body,23m,Squat (Smith Machine),Rest Timer,0,0,0,90,
13/9/2025 10:14,Sat Full Body,23m,Squat (Smith Machine),2,60,7,0,0,
13/9/2025 10:14,Sat Full Body,23m,Squat (Smith Machine),Rest Timer,0,0,0,90,
13/9/2025 10:14,Sat Full Body,23m,Squat (Smith Machine),3,60,7,0,0,
13/9/2025 10:14,Sat Full Body,23m,Squat (Smith Machine),Rest Timer,0,0,0,90,
22/9/2025 08:46,Monday Chest And Triceps,36m,Bench Press (Smith Machine),1,30,8,0,0,
22/9/2025 08:46,Monday Chest And Triceps,36m,Bench Press (Smith Machine),Rest Timer,0,0,0,120,
22/9/2025 08:46,Monday Chest And Triceps,36m,Bench Press (Smith Machine),2,30,8,0,0,
22/9/2025 08:46,Monday Chest And Triceps,36m,Bench Press (Smith Machine),Rest Timer,0,0,0,90,
22/9/2025 08:46,Monday Chest And Triceps,36m,Bench Press (Smith Machine),3,35,8,0,0,
22/9/2025 08:46,Monday Chest And Triceps,36m,Bench Press (Smith Machine),Rest Timer,0,0,0,90,
22/9/2025 08:46,Monday Chest And Triceps,36m,Incline Bench Press (Smith Machine),1,30,7,0,0,
22/9/2025 08:46,Monday Chest And Triceps,36m,Incline Bench Press (Smith Machine),Rest Timer,0,0,0,90,
22/9/2025 08:46,Monday Chest And Triceps,36m,Incline Bench Press (Smith Machine),2,30,6,0,0,
22/9/2025 08:46,Monday Chest And Triceps,36m,Incline Bench Press (Smith Machine),Rest Timer,0,0,0,90,
22/9/2025 08:46,Monday Chest And Triceps,36m,Incline Bench Press (Smith Machine),3,30,6,0,0,
22/9/2025 08:46,Monday Chest And Triceps,36m,Incline Bench Press (Smith Machine),Rest Timer,0,0,0,90,
22/9/2025 08:46,Monday Chest And Triceps,36m,Bench Press - Close Grip (Barbell),1,25,8,0,0,
22/9/2025 08:46,Monday Chest And Triceps,36m,Bench Press - Close Grip (Barbell),Rest Timer,0,0,0,90,
22/9/2025 08:46,Monday Chest And Triceps,36m,Bench Press - Close Grip (Barbell),2,25,8,0,0,
22/9/2025 08:46,Monday Chest And Triceps,36m,Bench Press - Close Grip (Barbell),Rest Timer,0,0,0,90,
22/9/2025 08:46,Monday Chest And Triceps,36m,Bench Press - Close Grip (Barbell),3,25,8,0,0,
22/9/2025 08:46,Monday Chest And Triceps,36m,Bench Press - Close Grip (Barbell),Rest Timer,0,0,0,90,
22/9/2025 08:46,Monday Chest And Triceps,36m,Triceps Pushdown (Cable - Straight Bar),1,23,6,0,0,
22/9/2025 08:46,Monday Chest And Triceps,36m,Triceps Pushdown (Cable - Straight Bar),Rest Timer,0,0,0,120,
22/9/2025 08:46,Monday Chest And Triceps,36m,Triceps Pushdown (Cable - Straight Bar),2,18.5,8,0,0,
22/9/2025 08:46,Monday Chest And Triceps,36m,Triceps Pushdown (Cable - Straight Bar),Rest Timer,0,0,0,120,
22/9/2025 08:46,Monday Chest And Triceps,36m,Triceps Pushdown (Cable - Straight Bar),3,18.5,6,0,0,
22/9/2025 08:46,Monday Chest And Triceps,36m,Triceps Pushdown (Cable - Straight Bar),Rest Timer,0,0,0,120,
22/9/2025 08:46,Monday Chest And Triceps,36m,Chest Fly (Dumbbell),1,30,8,0,0,
22/9/2025 08:46,Monday Chest And Triceps,36m,Chest Fly (Dumbbell),Rest Timer,0,0,0,90,
22/9/2025 08:46,Monday Chest And Triceps,36m,Chest Fly (Dumbbell),2,30,8,0,0,
22/9/2025 08:46,Monday Chest And Triceps,36m,Chest Fly (Dumbbell),Rest Timer,0,0,0,90,
22/9/2025 08:46,Monday Chest And Triceps,36m,Chest Fly (Dumbbell),3,22.05,6,0,0,
22/9/2025 08:46,Monday Chest And Triceps,36m,Chest Fly (Dumbbell),Rest Timer,0,0,0,90,
23/9/2025 07:30,Tuesday Back And Biceps,43m,Triceps Pushdown (Cable - Straight Bar),1,23,6,0,0,
23/9/2025 07:30,Tuesday Back And Biceps,43m,Triceps Pushdown (Cable - Straight Bar),Rest Timer,0,0,0,90,
23/9/2025 07:30,Tuesday Back And Biceps,43m,Triceps Pushdown (Cable - Straight Bar),2,23,6,0,0,
23/9/2025 07:30,Tuesday Back And Biceps,43m,Triceps Pushdown (Cable - Straight Bar),Rest Timer,0,0,0,90,
23/9/2025 07:30,Tuesday Back And Biceps,43m,Triceps Pushdown (Cable - Straight Bar),3,23,5,0,0,
23/9/2025 07:30,Tuesday Back And Biceps,43m,Triceps Pushdown (Cable - Straight Bar),Rest Timer,0,0,0,90,
23/9/2025 07:30,Tuesday Back And Biceps,43m,Triceps Pushdown (Cable - Straight Bar),4,18.5,8,0,0,
23/9/2025 07:30,Tuesday Back And Biceps,43m,Triceps Pushdown (Cable - Straight Bar),Rest Timer,0,0,0,90,
23/9/2025 07:30,Tuesday Back And Biceps,43m,Lat Pulldown (Cable),1,35,8,0,0,
23/9/2025 07:30,Tuesday Back And Biceps,43m,Lat Pulldown (Cable),Rest Timer,0,0,0,90,
23/9/2025 07:30,Tuesday Back And Biceps,43m,Lat Pulldown (Cable),2,35,8,0,0,
23/9/2025 07:30,Tuesday Back And Biceps,43m,Lat Pulldown (Cable),Rest Timer,0,0,0,90,
23/9/2025 07:30,Tuesday Back And Biceps,43m,Lat Pulldown (Cable),3,35,8,0,0,
23/9/2025 07:30,Tuesday Back And Biceps,43m,Lat Pulldown (Cable),Rest Timer,0,0,0,90,
23/9/2025 07:30,Tuesday Back And Biceps,43m,Lat Pulldown (Cable),4,35,8,0,0,
23/9/2025 07:30,Tuesday Back And Biceps,43m,Lat Pulldown (Cable),Rest Timer,0,0,0,90,
23/9/2025 07:30,Tuesday Back And Biceps,43m,Bent Over One Arm Row (Dumbbell),1,35,6,0,0,
23/9/2025 07:30,Tuesday Back And Biceps,43m,Bent Over One Arm Row (Dumbbell),Rest Timer,0,0,0,90,
23/9/2025 07:30,Tuesday Back And Biceps,43m,Bent Over One Arm Row (Dumbbell),2,35,6,0,0,
23/9/2025 07:30,Tuesday Back And Biceps,43m,Bent Over One Arm Row (Dumbbell),Rest Timer,0,0,0,90,
23/9/2025 07:30,Tuesday Back And Biceps,43m,Bent Over One Arm Row (Dumbbell),3,35,6,0,0,
23/9/2025 07:30,Tuesday Back And Biceps,43m,Bent Over One Arm Row (Dumbbell),Rest Timer,0,0,0,90,
23/9/2025 07:30,Tuesday Back And Biceps,43m,Bicep Curl (Dumbbell),1,25,8,0,0,
23/9/2025 07:30,Tuesday Back And Biceps,43m,Bicep Curl (Dumbbell),Rest Timer,0,0,0,90,
23/9/2025 07:30,Tuesday Back And Biceps,43m,Bicep Curl (Dumbbell),2,20,7,0,0,
23/9/2025 07:30,Tuesday Back And Biceps,43m,Bicep Curl (Dumbbell),Rest Timer,0,0,0,90,
23/9/2025 07:30,Tuesday Back And Biceps,43m,Bicep Curl (Dumbbell),3,20,8,0,0,
23/9/2025 07:30,Tuesday Back And Biceps,43m,Bicep Curl (Dumbbell),Rest Timer,0,0,0,90,
23/9/2025 07:30,Tuesday Back And Biceps,43m,Hammer Curl (Dumbbell),1,20,8,0,0,
23/9/2025 07:30,Tuesday Back And Biceps,43m,Hammer Curl (Dumbbell),Rest Timer,0,0,0,90,
23/9/2025 07:30,Tuesday Back And Biceps,43m,Hammer Curl (Dumbbell),2,20,8,0,0,
23/9/2025 07:30,Tuesday Back And Biceps,43m,Hammer Curl (Dumbbell),Rest Timer,0,0,0,90,
23/9/2025 07:30,Tuesday Back And Biceps,43m,Hammer Curl (Dumbbell),3,20,8,0,0,
23/9/2025 07:30,Tuesday Back And Biceps,43m,Hammer Curl (Dumbbell),Rest Timer,0,0,0,90,
17/11/2025 08:38,Work Out A (Monday),47m,Squat (Barbell),1,40,8,0,0,
17/11/2025 08:38,Work Out A (Monday),47m,Squat (Barbell),Rest Timer,0,0,0,120,
17/11/2025 08:38,Work Out A (Monday),47m,Squat (Barbell),2,45,8,0,0,
17/11/2025 08:38,Work Out A (Monday),47m,Squat (Barbell),Rest Timer,0,0,0,120,
17/11/2025 08:38,Work Out A (Monday),47m,Squat (Barbell),3,45,8,0,0,
17/11/2025 08:38,Work Out A (Monday),47m,Squat (Barbell),Rest Timer,0,0,0,120,
17/11/2025 08:38,Work Out A (Monday),47m,Squat (Barbell),4,45,7,0,0,
17/11/2025 08:38,Work Out A (Monday),47m,Squat (Barbell),Rest Timer,0,0,0,120,
17/11/2025 08:38,Work Out A (Monday),47m,Bench Press (Barbell),1,30,8,0,0,
17/11/2025 08:38,Work Out A (Monday),47m,Bench Press (Barbell),Rest Timer,0,0,0,120,
17/11/2025 08:38,Work Out A (Monday),47m,Bench Press (Barbell),2,30,8,0,0,
17/11/2025 08:38,Work Out A (Monday),47m,Bench Press (Barbell),Rest Timer,0,0,0,120,
17/11/2025 08:38,Work Out A (Monday),47m,Bench Press (Barbell),3,30,8,0,0,
17/11/2025 08:38,Work Out A (Monday),47m,Bench Press (Barbell),Rest Timer,0,0,0,120,
17/11/2025 08:38,Work Out A (Monday),47m,Bent Over Row (Barbell),1,30,8,0,0,
17/11/2025 08:38,Work Out A (Monday),47m,Bent Over Row (Barbell),Rest Timer,0,0,0,90,
17/11/2025 08:38,Work Out A (Monday),47m,Bent Over Row (Barbell),2,35,8,0,0,
17/11/2025 08:38,Work Out A (Monday),47m,Bent Over Row (Barbell),Rest Timer,0,0,0,90,
17/11/2025 08:38,Work Out A (Monday),47m,Bent Over Row (Barbell),3,35,8,0,0,
17/11/2025 08:38,Work Out A (Monday),47m,Bent Over Row (Barbell),Rest Timer,0,0,0,90,
17/11/2025 08:38,Work Out A (Monday),47m,Overhead Press (Dumbbell),1,20,8,0,0,
17/11/2025 08:38,Work Out A (Monday),47m,Overhead Press (Dumbbell),Rest Timer,0,0,0,90,
17/11/2025 08:38,Work Out A (Monday),47m,Overhead Press (Dumbbell),2,20,8,0,0,
17/11/2025 08:38,Work Out A (Monday),47m,Overhead Press (Dumbbell),Rest Timer,0,0,0,90,
17/11/2025 08:38,Work Out A (Monday),47m,Overhead Press (Dumbbell),3,20,7,0,0,
17/11/2025 08:38,Work Out A (Monday),47m,Overhead Press (Dumbbell),Rest Timer,0,0,0,90,
17/11/2025 08:38,Work Out A (Monday),47m,Face Pull (Cable),1,14,8,0,0,
17/11/2025 08:38,Work Out A (Monday),47m,Face Pull (Cable),Rest Timer,0,0,0,60,
17/11/2025 08:38,Work Out A (Monday),47m,Face Pull (Cable),2,14,8,0,0,
17/11/2025 08:38,Work Out A (Monday),47m,Face Pull (Cable),Rest Timer,0,0,0,60,
17/11/2025 08:38,Work Out A (Monday),47m,Face Pull (Cable),3,14,8,0,0,
17/11/2025 08:38,Work Out A (Monday),47m,Face Pull (Cable),Rest Timer,0,0,0,60,
17/11/2025 08:38,Work Out A (Monday),47m,Cable Crunch,1,27.5,8,0,0,
17/11/2025 08:38,Work Out A (Monday),47m,Cable Crunch,Rest Timer,0,0,0,120,
17/11/2025 08:38,Work Out A (Monday),47m,Cable Crunch,2,32,8,0,0,
17/11/2025 08:38,Work Out A (Monday),47m,Cable Crunch,Rest Timer,0,0,0,120,
17/11/2025 08:38,Work Out A (Monday),47m,Cable Crunch,3,27.5,8,0,0,
17/11/2025 08:38,Work Out A (Monday),47m,Cable Crunch,Rest Timer,0,0,0,120,
19/11/2025 08:49,Work Out B (Wednesday),55m,Romanian Deadlift (Barbell),1,40,8,0,0,
19/11/2025 08:49,Work Out B (Wednesday),55m,Romanian Deadlift (Barbell),Rest Timer,0,0,0,120,
19/11/2025 08:49,Work Out B (Wednesday),55m,Romanian Deadlift (Barbell),2,40,8,0,0,
19/11/2025 08:49,Work Out B (Wednesday),55m,Romanian Deadlift (Barbell),Rest Timer,0,0,0,120,
19/11/2025 08:49,Work Out B (Wednesday),55m,Romanian Deadlift (Barbell),3,45,8,0,0,
19/11/2025 08:49,Work Out B (Wednesday),55m,Romanian Deadlift (Barbell),Rest Timer,0,0,0,120,
19/11/2025 08:49,Work Out B (Wednesday),55m,Romanian Deadlift (Barbell),4,45,8,0,0,
19/11/2025 08:49,Work Out B (Wednesday),55m,Romanian Deadlift (Barbell),Rest Timer,0,0,0,120,
19/11/2025 08:49,Work Out B (Wednesday),55m,Lat Pulldown (Cable),1,30,8,0,0,
19/11/2025 08:49,Work Out B (Wednesday),55m,Lat Pulldown (Cable),Rest Timer,0,0,0,120,
19/11/2025 08:49,Work Out B (Wednesday),55m,Lat Pulldown (Cable),2,30,7,0,0,
19/11/2025 08:49,Work Out B (Wednesday),55m,Lat Pulldown (Cable),Rest Timer,0,0,0,120,
19/11/2025 08:49,Work Out B (Wednesday),55m,Lat Pulldown (Cable),3,30,8,0,0,
19/11/2025 08:49,Work Out B (Wednesday),55m,Lat Pulldown (Cable),Rest Timer,0,0,0,120,
19/11/2025 08:49,Work Out B (Wednesday),55m,Lat Pulldown (Cable),4,30,8,0,0,
19/11/2025 08:49,Work Out B (Wednesday),55m,Lat Pulldown (Cable),Rest Timer,0,0,0,120,
19/11/2025 08:49,Work Out B (Wednesday),55m,Incline Bench Press (Dumbbell),1,25,8,0,0,
19/11/2025 08:49,Work Out B (Wednesday),55m,Incline Bench Press (Dumbbell),Rest Timer,0,0,0,90,
19/11/2025 08:49,Work Out B (Wednesday),55m,Incline Bench Press (Dumbbell),2,25,8,0,0,
19/11/2025 08:49,Work Out B (Wednesday),55m,Incline Bench Press (Dumbbell),Rest Timer,0,0,0,90,
19/11/2025 08:49,Work Out B (Wednesday),55m,Incline Bench Press (Dumbbell),3,25,8,0,0,
19/11/2025 08:49,Work Out B (Wednesday),55m,Incline Bench Press (Dumbbell),Rest Timer,0,0,0,90,
19/11/2025 08:49,Work Out B (Wednesday),55m,Goblet Squat (Kettlebell),1,40,8,0,0,
19/11/2025 08:49,Work Out B (Wednesday),55m,Goblet Squat (Kettlebell),Rest Timer,0,0,0,120,
19/11/2025 08:49,Work Out B (Wednesday),55m,Goblet Squat (Kettlebell),2,40,8,0,0,
19/11/2025 08:49,Work Out B (Wednesday),55m,Goblet Squat (Kettlebell),Rest Timer,0,0,0,90,
19/11/2025 08:49,Work Out B (Wednesday),55m,Goblet Squat (Kettlebell),3,40,8,0,0,
19/11/2025 08:49,Work Out B (Wednesday),55m,Goblet Squat (Kettlebell),Rest Timer,0,0,0,90,
19/11/2025 08:49,Work Out B (Wednesday),55m,Lateral Raise (Dumbbell),1,15,8,0,0,
19/11/2025 08:49,Work Out B (Wednesday),55m,Lateral Raise (Dumbbell),Rest Timer,0,0,0,90,
19/11/2025 08:49,Work Out B (Wednesday),55m,Lateral Raise (Dumbbell),2,15,8,0,0,
19/11/2025 08:49,Work Out B (Wednesday),55m,Lateral Raise (Dumbbell),Rest Timer,0,0,0,90,
19/11/2025 08:49,Work Out B (Wednesday),55m,Lateral Raise (Dumbbell),3,15,8,0,0,
19/11/2025 08:49,Work Out B (Wednesday),55m,Lateral Raise (Dumbbell),Rest Timer,0,0,0,90,
19/11/2025 08:49,Work Out B (Wednesday),55m,Bicep Curl (Dumbbell),1,20,8,0,0,
19/11/2025 08:49,Work Out B (Wednesday),55m,Bicep Curl (Dumbbell),Rest Timer,0,0,0,90,
19/11/2025 08:49,Work Out B (Wednesday),55m,Bicep Curl (Dumbbell),2,20,7,0,0,
19/11/2025 08:49,Work Out B (Wednesday),55m,Bicep Curl (Dumbbell),Rest Timer,0,0,0,90,
19/11/2025 08:49,Work Out B (Wednesday),55m,Bicep Curl (Dumbbell),3,20,6,0,0,
19/11/2025 08:49,Work Out B (Wednesday),55m,Bicep Curl (Dumbbell),Rest Timer,0,0,0,90,
19/11/2025 08:49,Work Out B (Wednesday),55m,Triceps Pushdown (Cable - Straight Bar),1,18.5,8,0,0,
19/11/2025 08:49,Work Out B (Wednesday),55m,Triceps Pushdown (Cable - Straight Bar),Rest Timer,0,0,0,90,
19/11/2025 08:49,Work Out B (Wednesday),55m,Triceps Pushdown (Cable - Straight Bar),2,18.5,8,0,0,
19/11/2025 08:49,Work Out B (Wednesday),55m,Triceps Pushdown (Cable - Straight Bar),Rest Timer,0,0,0,90,
19/11/2025 08:49,Work Out B (Wednesday),55m,Triceps Pushdown (Cable - Straight Bar),3,18.5,8,0,0,
21/11/2025 08:58,Work Out C (Friday),50m,Overhead Press (Dumbbell),1,20,8,0,0,
21/11/2025 08:58,Work Out C (Friday),50m,Overhead Press (Dumbbell),Rest Timer,0,0,0,120,
21/11/2025 08:58,Work Out C (Friday),50m,Overhead Press (Dumbbell),2,25,8,0,0,
21/11/2025 08:58,Work Out C (Friday),50m,Overhead Press (Dumbbell),Rest Timer,0,0,0,90,
21/11/2025 08:58,Work Out C (Friday),50m,Overhead Press (Dumbbell),3,20,8,0,0,
21/11/2025 08:58,Work Out C (Friday),50m,Overhead Press (Dumbbell),Rest Timer,0,0,0,90,
21/11/2025 08:58,Work Out C (Friday),50m,Overhead Press (Dumbbell),4,20,8,0,0,
21/11/2025 08:58,Work Out C (Friday),50m,Overhead Press (Dumbbell),Rest Timer,0,0,0,90,
21/11/2025 08:58,Work Out C (Friday),50m,Squat (Smith Machine),1,50,8,0,0,
21/11/2025 08:58,Work Out C (Friday),50m,Squat (Smith Machine),Rest Timer,0,0,0,120,
21/11/2025 08:58,Work Out C (Friday),50m,Squat (Smith Machine),2,50,8,0,0,
21/11/2025 08:58,Work Out C (Friday),50m,Squat (Smith Machine),Rest Timer,0,0,0,120,
21/11/2025 08:58,Work Out C (Friday),50m,Squat (Smith Machine),3,50,8,0,0,
21/11/2025 08:58,Work Out C (Friday),50m,Squat (Smith Machine),Rest Timer,0,0,0,120,
21/11/2025 08:58,Work Out C (Friday),50m,Bench Press (Dumbbell),1,30,10,0,0,
21/11/2025 08:58,Work Out C (Friday),50m,Bench Press (Dumbbell),Rest Timer,0,0,0,120,
21/11/2025 08:58,Work Out C (Friday),50m,Bench Press (Dumbbell),2,35,7,0,0,
21/11/2025 08:58,Work Out C (Friday),50m,Bench Press (Dumbbell),Rest Timer,0,0,0,120,
21/11/2025 08:58,Work Out C (Friday),50m,Bench Press (Dumbbell),3,35,7,0,0,
21/11/2025 08:58,Work Out C (Friday),50m,Bench Press (Dumbbell),Rest Timer,0,0,0,120,
21/11/2025 08:58,Work Out C (Friday),50m,Reverse Fly (Dumbbell),1,15,7,0,0,
21/11/2025 08:58,Work Out C (Friday),50m,Reverse Fly (Dumbbell),Rest Timer,0,0,0,120,
21/11/2025 08:58,Work Out C (Friday),50m,Reverse Fly (Dumbbell),2,10,8,0,0,
21/11/2025 08:58,Work Out C (Friday),50m,Reverse Fly (Dumbbell),Rest Timer,0,0,0,120,
21/11/2025 08:58,Work Out C (Friday),50m,Reverse Fly (Dumbbell),3,15,8,0,0,
21/11/2025 08:58,Work Out C (Friday),50m,Reverse Fly (Dumbbell),Rest Timer,0,0,0,120,
21/11/2025 08:58,Work Out C (Friday),50m,Plank,1,0,0,0,50,
21/11/2025 08:58,Work Out C (Friday),50m,Plank,Rest Timer,0,0,0,120,
21/11/2025 08:58,Work Out C (Friday),50m,Plank,2,0,0,0,50,
21/11/2025 08:58,Work Out C (Friday),50m,Plank,Rest Timer,0,0,0,120,
21/11/2025 08:58,Work Out C (Friday),50m,Plank,3,0,0,0,50,
21/11/2025 08:58,Work Out C (Friday),50m,Negative Pull Up,1,0,0,0,4,
21/11/2025 08:58,Work Out C (Friday),50m,Negative Pull Up,Rest Timer,0,0,0,90,
21/11/2025 08:58,Work Out C (Friday),50m,Negative Pull Up,2,0,0,0,4,
21/11/2025 08:58,Work Out C (Friday),50m,Negative Pull Up,Rest Timer,0,0,0,90,
21/11/2025 08:58,Work Out C (Friday),50m,Negative Pull Up,3,0,0,0,4,
21/11/2025 08:58,Work Out C (Friday),50m,Negative Pull Up,Rest Timer,0,0,0,90,
24/11/2025 08:26,Work Out A (Monday),57m,Squat (Barbell),1,45,7,0,0,
24/11/2025 08:26,Work Out A (Monday),57m,Squat (Barbell),Rest Timer,0,0,0,120,
24/11/2025 08:26,Work Out A (Monday),57m,Squat (Barbell),2,45,7,0,0,
24/11/2025 08:26,Work Out A (Monday),57m,Squat (Barbell),Rest Timer,0,0,0,120,
24/11/2025 08:26,Work Out A (Monday),57m,Squat (Barbell),3,45,6,0,0,
24/11/2025 08:26,Work Out A (Monday),57m,Squat (Barbell),Rest Timer,0,0,0,120,
24/11/2025 08:26,Work Out A (Monday),57m,Squat (Barbell),4,40,7,0,0,
24/11/2025 08:26,Work Out A (Monday),57m,Squat (Barbell),Rest Timer,0,0,0,120,
24/11/2025 08:26,Work Out A (Monday),57m,Bench Press (Barbell),1,20,8,0,0,
24/11/2025 08:26,Work Out A (Monday),57m,Bench Press (Barbell),Rest Timer,0,0,0,120,
24/11/2025 08:26,Work Out A (Monday),57m,Bench Press (Barbell),2,20,8,0,0,
24/11/2025 08:26,Work Out A (Monday),57m,Bench Press (Barbell),Rest Timer,0,0,0,120,
24/11/2025 08:26,Work Out A (Monday),57m,Bench Press (Barbell),3,20,6,0,0,
24/11/2025 08:26,Work Out A (Monday),57m,Bench Press (Barbell),Rest Timer,0,0,0,120,
24/11/2025 08:26,Work Out A (Monday),57m,Bent Over Row (Barbell),1,25,7,0,0,
24/11/2025 08:26,Work Out A (Monday),57m,Bent Over Row (Barbell),Rest Timer,0,0,0,120,
24/11/2025 08:26,Work Out A (Monday),57m,Bent Over Row (Barbell),2,25,7,0,0,
24/11/2025 08:26,Work Out A (Monday),57m,Bent Over Row (Barbell),Rest Timer,0,0,0,120,
24/11/2025 08:26,Work Out A (Monday),57m,Bent Over Row (Barbell),3,20,8,0,0,
24/11/2025 08:26,Work Out A (Monday),57m,Bent Over Row (Barbell),Rest Timer,0,0,0,120,
24/11/2025 08:26,Work Out A (Monday),57m,Overhead Press (Dumbbell),1,25,8,0,0,
24/11/2025 08:26,Work Out A (Monday),57m,Overhead Press (Dumbbell),Rest Timer,0,0,0,90,
24/11/2025 08:26,Work Out A (Monday),57m,Overhead Press (Dumbbell),2,25,7,0,0,
24/11/2025 08:26,Work Out A (Monday),57m,Overhead Press (Dumbbell),Rest Timer,0,0,0,90,
24/11/2025 08:26,Work Out A (Monday),57m,Overhead Press (Dumbbell),3,25,6,0,0,
24/11/2025 08:26,Work Out A (Monday),57m,Overhead Press (Dumbbell),Rest Timer,0,0,0,90,
24/11/2025 08:26,Work Out A (Monday),57m,Plank,1,0,0,0,50,
24/11/2025 08:26,Work Out A (Monday),57m,Plank,Rest Timer,0,0,0,120,
24/11/2025 08:26,Work Out A (Monday),57m,Plank,2,0,0,0,55,
24/11/2025 08:26,Work Out A (Monday),57m,Plank,Rest Timer,0,0,0,120,
24/11/2025 08:26,Work Out A (Monday),57m,Plank,3,0,0,0,20,
24/11/2025 08:26,Work Out A (Monday),57m,Plank,Rest Timer,0,0,0,120,
24/11/2025 08:26,Work Out A (Monday),57m,Reverse Fly (Dumbbell),1,15,8,0,0,
24/11/2025 08:26,Work Out A (Monday),57m,Reverse Fly (Dumbbell),Rest Timer,0,0,0,120,
24/11/2025 08:26,Work Out A (Monday),57m,Reverse Fly (Dumbbell),2,15,8,0,0,
24/11/2025 08:26,Work Out A (Monday),57m,Reverse Fly (Dumbbell),Rest Timer,0,0,0,120,
24/11/2025 08:26,Work Out A (Monday),57m,Reverse Fly (Dumbbell),3,15,8,0,0,
24/11/2025 08:26,Work Out A (Monday),57m,Reverse Fly (Dumbbell),Rest Timer,0,0,0,120,
26/11/2025 07:17,Work Out B (Wednesday),52m,Romanian Deadlift (Dumbbell),1,35,8,0,0,
26/11/2025 07:17,Work Out B (Wednesday),52m,Romanian Deadlift (Dumbbell),Rest Timer,0,0,0,120,
26/11/2025 07:17,Work Out B (Wednesday),52m,Romanian Deadlift (Dumbbell),2,40,8,0,0,
26/11/2025 07:17,Work Out B (Wednesday),52m,Romanian Deadlift (Dumbbell),Rest Timer,0,0,0,120,
26/11/2025 07:17,Work Out B (Wednesday),52m,Romanian Deadlift (Dumbbell),3,40,7,0,0,
26/11/2025 07:17,Work Out B (Wednesday),52m,Romanian Deadlift (Dumbbell),Rest Timer,0,0,0,120,
26/11/2025 07:17,Work Out B (Wednesday),52m,Romanian Deadlift (Dumbbell),4,40,7,0,0,
26/11/2025 07:17,Work Out B (Wednesday),52m,Romanian Deadlift (Dumbbell),Rest Timer,0,0,0,120,
26/11/2025 07:17,Work Out B (Wednesday),52m,Lat Pulldown (Cable),1,30,8,0,0,
26/11/2025 07:17,Work Out B (Wednesday),52m,Lat Pulldown (Cable),Rest Timer,0,0,0,120,
26/11/2025 07:17,Work Out B (Wednesday),52m,Lat Pulldown (Cable),2,30,8,0,0,
26/11/2025 07:17,Work Out B (Wednesday),52m,Lat Pulldown (Cable),Rest Timer,0,0,0,120,
26/11/2025 07:17,Work Out B (Wednesday),52m,Lat Pulldown (Cable),3,30,8,0,0,
26/11/2025 07:17,Work Out B (Wednesday),52m,Lat Pulldown (Cable),Rest Timer,0,0,0,120,
26/11/2025 07:17,Work Out B (Wednesday),52m,Lat Pulldown (Cable),4,30,8,0,0,
26/11/2025 07:17,Work Out B (Wednesday),52m,Lat Pulldown (Cable),Rest Timer,0,0,0,120,
26/11/2025 07:17,Work Out B (Wednesday),52m,Incline Bench Press (Dumbbell),1,30,8,0,0,
26/11/2025 07:17,Work Out B (Wednesday),52m,Incline Bench Press (Dumbbell),Rest Timer,0,0,0,90,
26/11/2025 07:17,Work Out B (Wednesday),52m,Incline Bench Press (Dumbbell),2,30,8,0,0,
26/11/2025 07:17,Work Out B (Wednesday),52m,Incline Bench Press (Dumbbell),Rest Timer,0,0,0,90,
26/11/2025 07:17,Work Out B (Wednesday),52m,Incline Bench Press (Dumbbell),3,30,8,0,0,
26/11/2025 07:17,Work Out B (Wednesday),52m,Incline Bench Press (Dumbbell),Rest Timer,0,0,0,90,
26/11/2025 07:17,Work Out B (Wednesday),52m,Goblet Squat (Kettlebell),1,30,8,0,0,
26/11/2025 07:17,Work Out B (Wednesday),52m,Goblet Squat (Kettlebell),Rest Timer,0,0,0,120,
26/11/2025 07:17,Work Out B (Wednesday),52m,Goblet Squat (Kettlebell),2,30,8,0,0,
26/11/2025 07:17,Work Out B (Wednesday),52m,Goblet Squat (Kettlebell),Rest Timer,0,0,0,120,
26/11/2025 07:17,Work Out B (Wednesday),52m,Goblet Squat (Kettlebell),3,30,8,0,0,
26/11/2025 07:17,Work Out B (Wednesday),52m,Goblet Squat (Kettlebell),Rest Timer,0,0,0,120,
26/11/2025 07:17,Work Out B (Wednesday),52m,Lateral Raise (Dumbbell),1,20,6,0,0,
26/11/2025 07:17,Work Out B (Wednesday),52m,Lateral Raise (Dumbbell),Rest Timer,0,0,0,90,
26/11/2025 07:17,Work Out B (Wednesday),52m,Lateral Raise (Dumbbell),2,20,6,0,0,
26/11/2025 07:17,Work Out B (Wednesday),52m,Lateral Raise (Dumbbell),Rest Timer,0,0,0,90,
26/11/2025 07:17,Work Out B (Wednesday),52m,Lateral Raise (Dumbbell),3,15,8,0,0,
26/11/2025 07:17,Work Out B (Wednesday),52m,Lateral Raise (Dumbbell),Rest Timer,0,0,0,90,
26/11/2025 07:17,Work Out B (Wednesday),52m,Bicep Curl (Dumbbell),1,20,8,0,0,
26/11/2025 07:17,Work Out B (Wednesday),52m,Bicep Curl (Dumbbell),Rest Timer,0,0,0,120,
26/11/2025 07:17,Work Out B (Wednesday),52m,Bicep Curl (Dumbbell),2,20,8,0,0,
26/11/2025 07:17,Work Out B (Wednesday),52m,Bicep Curl (Dumbbell),Rest Timer,0,0,0,120,
26/11/2025 07:17,Work Out B (Wednesday),52m,Bicep Curl (Dumbbell),3,20,7,0,0,
26/11/2025 07:17,Work Out B (Wednesday),52m,Bicep Curl (Dumbbell),Rest Timer,0,0,0,120,
1/12/2025 08:14,Work Out A (Monday),52m,Squat (Smith Machine),1,55,8,0,0,
1/12/2025 08:14,Work Out A (Monday),52m,Squat (Smith Machine),Rest Timer,0,0,0,120,
1/12/2025 08:14,Work Out A (Monday),52m,Squat (Smith Machine),2,55,8,0,0,
1/12/2025 08:14,Work Out A (Monday),52m,Squat (Smith Machine),Rest Timer,0,0,0,120,
1/12/2025 08:14,Work Out A (Monday),52m,Squat (Smith Machine),3,55,8,0,0,
1/12/2025 08:14,Work Out A (Monday),52m,Squat (Smith Machine),Rest Timer,0,0,0,120,
1/12/2025 08:14,Work Out A (Monday),52m,Squat (Smith Machine),4,55,8,0,0,
1/12/2025 08:14,Work Out A (Monday),52m,Squat (Smith Machine),Rest Timer,0,0,0,120,
1/12/2025 08:14,Work Out A (Monday),52m,Bench Press (Barbell),1,45,5,0,0,
1/12/2025 08:14,Work Out A (Monday),52m,Bench Press (Barbell),Rest Timer,0,0,0,120,
1/12/2025 08:14,Work Out A (Monday),52m,Bench Press (Barbell),2,40,7,0,0,
1/12/2025 08:14,Work Out A (Monday),52m,Bench Press (Barbell),Rest Timer,0,0,0,120,
1/12/2025 08:14,Work Out A (Monday),52m,Bench Press (Barbell),3,40,6,0,0,
1/12/2025 08:14,Work Out A (Monday),52m,Bench Press (Barbell),Rest Timer,0,0,0,120,
1/12/2025 08:14,Work Out A (Monday),52m,Bent Over Row (Barbell),1,20,8,0,0,
1/12/2025 08:14,Work Out A (Monday),52m,Bent Over Row (Barbell),Rest Timer,0,0,0,120,
1/12/2025 08:14,Work Out A (Monday),52m,Bent Over Row (Barbell),2,25,7,0,0,
1/12/2025 08:14,Work Out A (Monday),52m,Bent Over Row (Barbell),Rest Timer,0,0,0,120,
1/12/2025 08:14,Work Out A (Monday),52m,Bent Over Row (Barbell),3,25,7,0,0,
1/12/2025 08:14,Work Out A (Monday),52m,Bent Over Row (Barbell),Rest Timer,0,0,0,120,
1/12/2025 08:14,Work Out A (Monday),52m,Overhead Press (Dumbbell),1,25,8,0,0,
1/12/2025 08:14,Work Out A (Monday),52m,Overhead Press (Dumbbell),Rest Timer,0,0,0,90,
1/12/2025 08:14,Work Out A (Monday),52m,Overhead Press (Dumbbell),2,25,8,0,0,
1/12/2025 08:14,Work Out A (Monday),52m,Overhead Press (Dumbbell),Rest Timer,0,0,0,90,
1/12/2025 08:14,Work Out A (Monday),52m,Overhead Press (Dumbbell),3,25,6,0,0,
1/12/2025 08:14,Work Out A (Monday),52m,Overhead Press (Dumbbell),Rest Timer,0,0,0,90,
1/12/2025 08:14,Work Out A (Monday),52m,Face Pull (Cable),1,18.5,8,0,0,
1/12/2025 08:14,Work Out A (Monday),52m,Face Pull (Cable),Rest Timer,0,0,0,60,
1/12/2025 08:14,Work Out A (Monday),52m,Face Pull (Cable),2,18.5,8,0,0,
1/12/2025 08:14,Work Out A (Monday),52m,Face Pull (Cable),Rest Timer,0,0,0,60,
1/12/2025 08:14,Work Out A (Monday),52m,Face Pull (Cable),3,18.5,8,0,0,
1/12/2025 08:14,Work Out A (Monday),52m,Face Pull (Cable),Rest Timer,0,0,0,60,
1/12/2025 08:14,Work Out A (Monday),52m,Cable Crunch,1,32,8,0,0,
1/12/2025 08:14,Work Out A (Monday),52m,Cable Crunch,Rest Timer,0,0,0,120,
1/12/2025 08:14,Work Out A (Monday),52m,Cable Crunch,2,32,8,0,0,
1/12/2025 08:14,Work Out A (Monday),52m,Cable Crunch,Rest Timer,0,0,0,90,
1/12/2025 08:14,Work Out A (Monday),52m,Cable Crunch,3,32,8,0,0,
1/12/2025 08:14,Work Out A (Monday),52m,Cable Crunch,Rest Timer,0,0,0,90,
3/12/2025 11:29,Work Out B (Wednesday),54m,Romanian Deadlift (Barbell),1,45,8,0,0,
3/12/2025 11:29,Work Out B (Wednesday),54m,Romanian Deadlift (Barbell),Rest Timer,0,0,0,120,
3/12/2025 11:29,Work Out B (Wednesday),54m,Romanian Deadlift (Barbell),2,45,8,0,0,
3/12/2025 11:29,Work Out B (Wednesday),54m,Romanian Deadlift (Barbell),Rest Timer,0,0,0,120,
3/12/2025 11:29,Work Out B (Wednesday),54m,Romanian Deadlift (Barbell),3,50,8,0,0,
3/12/2025 11:29,Work Out B (Wednesday),54m,Romanian Deadlift (Barbell),Rest Timer,0,0,0,120,
3/12/2025 11:29,Work Out B (Wednesday),54m,Romanian Deadlift (Barbell),4,50,8,0,0,
3/12/2025 11:29,Work Out B (Wednesday),54m,Romanian Deadlift (Barbell),Rest Timer,0,0,0,120,
3/12/2025 11:29,Work Out B (Wednesday),54m,Lat Pulldown (Cable),1,35,8,0,0,
3/12/2025 11:29,Work Out B (Wednesday),54m,Lat Pulldown (Cable),Rest Timer,0,0,0,120,
3/12/2025 11:29,Work Out B (Wednesday),54m,Lat Pulldown (Cable),2,35,8,0,0,
3/12/2025 11:29,Work Out B (Wednesday),54m,Lat Pulldown (Cable),Rest Timer,0,0,0,120,
3/12/2025 11:29,Work Out B (Wednesday),54m,Lat Pulldown (Cable),3,35,8,0,0,
3/12/2025 11:29,Work Out B (Wednesday),54m,Lat Pulldown (Cable),Rest Timer,0,0,0,120,
3/12/2025 11:29,Work Out B (Wednesday),54m,Lat Pulldown (Cable),4,35,6,0,0,
3/12/2025 11:29,Work Out B (Wednesday),54m,Lat Pulldown (Cable),Rest Timer,0,0,0,120,
3/12/2025 11:29,Work Out B (Wednesday),54m,Incline Bench Press (Dumbbell),1,35,8,0,0,
3/12/2025 11:29,Work Out B (Wednesday),54m,Incline Bench Press (Dumbbell),Rest Timer,0,0,0,90,
3/12/2025 11:29,Work Out B (Wednesday),54m,Incline Bench Press (Dumbbell),2,35,7,0,0,
3/12/2025 11:29,Work Out B (Wednesday),54m,Incline Bench Press (Dumbbell),Rest Timer,0,0,0,90,
3/12/2025 11:29,Work Out B (Wednesday),54m,Incline Bench Press (Dumbbell),3,35,6,0,0,
3/12/2025 11:29,Work Out B (Wednesday),54m,Incline Bench Press (Dumbbell),Rest Timer,0,0,0,90,
3/12/2025 11:29,Work Out B (Wednesday),54m,Goblet Squat (Kettlebell),1,40,8,0,0,
3/12/2025 11:29,Work Out B (Wednesday),54m,Goblet Squat (Kettlebell),Rest Timer,0,0,0,90,
3/12/2025 11:29,Work Out B (Wednesday),54m,Goblet Squat (Kettlebell),2,40,8,0,0,
3/12/2025 11:29,Work Out B (Wednesday),54m,Goblet Squat (Kettlebell),Rest Timer,0,0,0,90,
3/12/2025 11:29,Work Out B (Wednesday),54m,Goblet Squat (Kettlebell),3,40,8,0,0,
3/12/2025 11:29,Work Out B (Wednesday),54m,Goblet Squat (Kettlebell),Rest Timer,0,0,0,90,
3/12/2025 11:29,Work Out B (Wednesday),54m,Lateral Raise (Cable),1,5,6,0,0,
3/12/2025 11:29,Work Out B (Wednesday),54m,Lateral Raise (Cable),Rest Timer,0,0,0,90,
3/12/2025 11:29,Work Out B (Wednesday),54m,Lateral Raise (Cable),2,5,6,0,0,
3/12/2025 11:29,Work Out B (Wednesday),54m,Lateral Raise (Cable),Rest Timer,0,0,0,90,
3/12/2025 11:29,Work Out B (Wednesday),54m,Lateral Raise (Cable),3,5,8,0,0,
3/12/2025 11:29,Work Out B (Wednesday),54m,Lateral Raise (Cable),Rest Timer,0,0,0,90,
3/12/2025 11:29,Work Out B (Wednesday),54m,Bicep Curl (Dumbbell),1,20,8,0,0,
3/12/2025 11:29,Work Out B (Wednesday),54m,Bicep Curl (Dumbbell),Rest Timer,0,0,0,120,
3/12/2025 11:29,Work Out B (Wednesday),54m,Bicep Curl (Dumbbell),2,20,8,0,0,
3/12/2025 11:29,Work Out B (Wednesday),54m,Bicep Curl (Dumbbell),Rest Timer,0,0,0,120,
3/12/2025 11:29,Work Out B (Wednesday),54m,Bicep Curl (Dumbbell),3,20,8,0,0,
3/12/2025 11:29,Work Out B (Wednesday),54m,Bicep Curl (Dumbbell),Rest Timer,0,0,0,120,
3/12/2025 11:29,Work Out B (Wednesday),54m,Triceps Pushdown (Cable - Straight Bar),1,23,6,0,0,
3/12/2025 11:29,Work Out B (Wednesday),54m,Triceps Pushdown (Cable - Straight Bar),Rest Timer,0,0,0,90,
3/12/2025 11:29,Work Out B (Wednesday),54m,Triceps Pushdown (Cable - Straight Bar),2,23,4,0,0,
3/12/2025 11:29,Work Out B (Wednesday),54m,Triceps Pushdown (Cable - Straight Bar),Rest Timer,0,0,0,90,
3/12/2025 11:29,Work Out B (Wednesday),54m,Triceps Pushdown (Cable - Straight Bar),3,18.5,7,0,0,
5/12/2025 10:12,Work Out C (Friday),47m,Bench Press (Barbell),1,45,8,0,0,
5/12/2025 10:12,Work Out C (Friday),47m,Bench Press (Barbell),Rest Timer,0,0,0,120,
5/12/2025 10:12,Work Out C (Friday),47m,Bench Press (Barbell),2,45,4,0,0,
5/12/2025 10:12,Work Out C (Friday),47m,Bench Press (Barbell),Rest Timer,0,0,0,120,
5/12/2025 10:12,Work Out C (Friday),47m,Bench Press (Barbell),3,45,4,0,0,
5/12/2025 10:12,Work Out C (Friday),47m,Bench Press (Barbell),Rest Timer,0,0,0,120,
5/12/2025 10:12,Work Out C (Friday),47m,Squat (Smith Machine),1,60,6,0,0,
5/12/2025 10:12,Work Out C (Friday),47m,Squat (Smith Machine),Rest Timer,0,0,0,120,
5/12/2025 10:12,Work Out C (Friday),47m,Squat (Smith Machine),2,60,8,0,0,
5/12/2025 10:12,Work Out C (Friday),47m,Squat (Smith Machine),Rest Timer,0,0,0,120,
5/12/2025 10:12,Work Out C (Friday),47m,Squat (Smith Machine),3,2,8,0,0,
5/12/2025 10:12,Work Out C (Friday),47m,Squat (Smith Machine),Rest Timer,0,0,0,120,
5/12/2025 10:12,Work Out C (Friday),47m,Overhead Press (Dumbbell),1,25,8,0,0,
5/12/2025 10:12,Work Out C (Friday),47m,Overhead Press (Dumbbell),Rest Timer,0,0,0,120,
5/12/2025 10:12,Work Out C (Friday),47m,Overhead Press (Dumbbell),2,25,8,0,0,
5/12/2025 10:12,Work Out C (Friday),47m,Overhead Press (Dumbbell),Rest Timer,0,0,0,120,
5/12/2025 10:12,Work Out C (Friday),47m,Overhead Press (Dumbbell),3,25,6,0,0,
5/12/2025 10:12,Work Out C (Friday),47m,Overhead Press (Dumbbell),Rest Timer,0,0,0,120,
5/12/2025 10:12,Work Out C (Friday),47m,Overhead Press (Dumbbell),4,25,4,0,0,
5/12/2025 10:12,Work Out C (Friday),47m,Overhead Press (Dumbbell),Rest Timer,0,0,0,120,
5/12/2025 10:12,Work Out C (Friday),47m,Reverse Fly (Dumbbell),1,15,8,0,0,
5/12/2025 10:12,Work Out C (Friday),47m,Reverse Fly (Dumbbell),Rest Timer,0,0,0,120,
5/12/2025 10:12,Work Out C (Friday),47m,Reverse Fly (Dumbbell),2,15,8,0,0,
5/12/2025 10:12,Work Out C (Friday),47m,Reverse Fly (Dumbbell),Rest Timer,0,0,0,120,
5/12/2025 10:12,Work Out C (Friday),47m,Reverse Fly (Dumbbell),3,15,8,0,0,
5/12/2025 10:12,Work Out C (Friday),47m,Reverse Fly (Dumbbell),Rest Timer,0,0,0,120,
5/12/2025 10:12,Work Out C (Friday),47m,Plank,1,0,0,0,55,
5/12/2025 10:12,Work Out C (Friday),47m,Plank,Rest Timer,0,0,0,120,
5/12/2025 10:12,Work Out C (Friday),47m,Plank,2,0,0,0,60,
5/12/2025 10:12,Work Out C (Friday),47m,Plank,Rest Timer,0,0,0,120,
5/12/2025 10:12,Work Out C (Friday),47m,Plank,3,0,0,0,30,
8/12/2025 08:51,Work Out A (Monday),1h 1m,Squat (Barbell),1,45,8,0,0,
8/12/2025 08:51,Work Out A (Monday),1h 1m,Squat (Barbell),Rest Timer,0,0,0,120,
8/12/2025 08:51,Work Out A (Monday),1h 1m,Squat (Barbell),2,45,8,0,0,
8/12/2025 08:51,Work Out A (Monday),1h 1m,Squat (Barbell),Rest Timer,0,0,0,120,
8/12/2025 08:51,Work Out A (Monday),1h 1m,Squat (Barbell),3,45,7,0,0,
8/12/2025 08:51,Work Out A (Monday),1h 1m,Squat (Barbell),Rest Timer,0,0,0,120,
8/12/2025 08:51,Work Out A (Monday),1h 1m,Squat (Barbell),4,45,7,0,0,
8/12/2025 08:51,Work Out A (Monday),1h 1m,Squat (Barbell),Rest Timer,0,0,0,120,
8/12/2025 08:51,Work Out A (Monday),1h 1m,Bench Press (Barbell),1,30,4,0,0,
8/12/2025 08:51,Work Out A (Monday),1h 1m,Bench Press (Barbell),Rest Timer,0,0,0,120,
8/12/2025 08:51,Work Out A (Monday),1h 1m,Bench Press (Barbell),2,25,6,0,0,
8/12/2025 08:51,Work Out A (Monday),1h 1m,Bench Press (Barbell),Rest Timer,0,0,0,120,
8/12/2025 08:51,Work Out A (Monday),1h 1m,Bench Press (Barbell),3,25,5,0,0,
8/12/2025 08:51,Work Out A (Monday),1h 1m,Bench Press (Barbell),Rest Timer,0,0,0,120,
8/12/2025 08:51,Work Out A (Monday),1h 1m,Bent Over Row (Barbell),1,25,8,0,0,
8/12/2025 08:51,Work Out A (Monday),1h 1m,Bent Over Row (Barbell),Rest Timer,0,0,0,90,
8/12/2025 08:51,Work Out A (Monday),1h 1m,Bent Over Row (Barbell),2,25,8,0,0,
8/12/2025 08:51,Work Out A (Monday),1h 1m,Bent Over Row (Barbell),Rest Timer,0,0,0,90,
8/12/2025 08:51,Work Out A (Monday),1h 1m,Bent Over Row (Barbell),3,25,8,0,0,
8/12/2025 08:51,Work Out A (Monday),1h 1m,Bent Over Row (Barbell),Rest Timer,0,0,0,90,
8/12/2025 08:51,Work Out A (Monday),1h 1m,Overhead Press (Dumbbell),1,25,12,0,0,
8/12/2025 08:51,Work Out A (Monday),1h 1m,Overhead Press (Dumbbell),Rest Timer,0,0,0,90,
8/12/2025 08:51,Work Out A (Monday),1h 1m,Overhead Press (Dumbbell),2,30,5,0,0,
8/12/2025 08:51,Work Out A (Monday),1h 1m,Overhead Press (Dumbbell),Rest Timer,0,0,0,90,
8/12/2025 08:51,Work Out A (Monday),1h 1m,Overhead Press (Dumbbell),3,30,4,0,0,
8/12/2025 08:51,Work Out A (Monday),1h 1m,Overhead Press (Dumbbell),Rest Timer,0,0,0,90,
8/12/2025 08:51,Work Out A (Monday),1h 1m,Bent Over One Arm Row (Dumbbell),1,35,8,0,0,
8/12/2025 08:51,Work Out A (Monday),1h 1m,Bent Over One Arm Row (Dumbbell),Rest Timer,0,0,0,120,
8/12/2025 08:51,Work Out A (Monday),1h 1m,Bent Over One Arm Row (Dumbbell),2,35,8,0,0,
8/12/2025 08:51,Work Out A (Monday),1h 1m,Bent Over One Arm Row (Dumbbell),Rest Timer,0,0,0,120,
8/12/2025 08:51,Work Out A (Monday),1h 1m,Bent Over One Arm Row (Dumbbell),3,35,8,0,0,
8/12/2025 08:51,Work Out A (Monday),1h 1m,Bent Over One Arm Row (Dumbbell),Rest Timer,0,0,0,120,
8/12/2025 08:51,Work Out A (Monday),1h 1m,Cable Crunch,1,36.5,7,0,0,
8/12/2025 08:51,Work Out A (Monday),1h 1m,Cable Crunch,Rest Timer,0,0,0,120,
8/12/2025 08:51,Work Out A (Monday),1h 1m,Cable Crunch,2,32,8,0,0,
8/12/2025 08:51,Work Out A (Monday),1h 1m,Cable Crunch,Rest Timer,0,0,0,120,
8/12/2025 08:51,Work Out A (Monday),1h 1m,Cable Crunch,3,32,8,0,0,
8/12/2025 08:51,Work Out A (Monday),1h 1m,Cable Crunch,Rest Timer,0,0,0,120,
10/12/2025 09:24,Work Out B (Wednesday),1h 5m,Lat Pulldown (Cable),1,40,7,0,0,
10/12/2025 09:24,Work Out B (Wednesday),1h 5m,Lat Pulldown (Cable),Rest Timer,0,0,0,120,
10/12/2025 09:24,Work Out B (Wednesday),1h 5m,Lat Pulldown (Cable),2,40,7,0,0,
10/12/2025 09:24,Work Out B (Wednesday),1h 5m,Lat Pulldown (Cable),Rest Timer,0,0,0,120,
10/12/2025 09:24,Work Out B (Wednesday),1h 5m,Lat Pulldown (Cable),3,40,7,0,0,
10/12/2025 09:24,Work Out B (Wednesday),1h 5m,Lat Pulldown (Cable),Rest Timer,0,0,0,120,
10/12/2025 09:24,Work Out B (Wednesday),1h 5m,Lat Pulldown (Cable),4,40,6,0,0,
10/12/2025 09:24,Work Out B (Wednesday),1h 5m,Lat Pulldown (Cable),Rest Timer,0,0,0,120,
10/12/2025 09:24,Work Out B (Wednesday),1h 5m,Incline Bench Press (Dumbbell),1,35,8,0,0,
10/12/2025 09:24,Work Out B (Wednesday),1h 5m,Incline Bench Press (Dumbbell),Rest Timer,0,0,0,90,
10/12/2025 09:24,Work Out B (Wednesday),1h 5m,Incline Bench Press (Dumbbell),2,35,8,0,0,
10/12/2025 09:24,Work Out B (Wednesday),1h 5m,Incline Bench Press (Dumbbell),Rest Timer,0,0,0,90,
10/12/2025 09:24,Work Out B (Wednesday),1h 5m,Incline Bench Press (Dumbbell),3,35,8,0,0,
10/12/2025 09:24,Work Out B (Wednesday),1h 5m,Incline Bench Press (Dumbbell),Rest Timer,0,0,0,90,
10/12/2025 09:24,Work Out B (Wednesday),1h 5m,Romanian Deadlift (Barbell),1,55,4,0,0,
10/12/2025 09:24,Work Out B (Wednesday),1h 5m,Romanian Deadlift (Barbell),Rest Timer,0,0,0,120,
10/12/2025 09:24,Work Out B (Wednesday),1h 5m,Romanian Deadlift (Barbell),2,55,7,0,0,
10/12/2025 09:24,Work Out B (Wednesday),1h 5m,Romanian Deadlift (Barbell),Rest Timer,0,0,0,120,
10/12/2025 09:24,Work Out B (Wednesday),1h 5m,Romanian Deadlift (Barbell),3,55,7,0,0,
10/12/2025 09:24,Work Out B (Wednesday),1h 5m,Romanian Deadlift (Barbell),Rest Timer,0,0,0,120,
10/12/2025 09:24,Work Out B (Wednesday),1h 5m,Goblet Squat (Kettlebell),1,45,8,0,0,
10/12/2025 09:24,Work Out B (Wednesday),1h 5m,Goblet Squat (Kettlebell),Rest Timer,0,0,0,120,
10/12/2025 09:24,Work Out B (Wednesday),1h 5m,Goblet Squat (Kettlebell),2,45,8,0,0,
10/12/2025 09:24,Work Out B (Wednesday),1h 5m,Goblet Squat (Kettlebell),Rest Timer,0,0,0,120,
10/12/2025 09:24,Work Out B (Wednesday),1h 5m,Goblet Squat (Kettlebell),3,45,8,0,0,
10/12/2025 09:24,Work Out B (Wednesday),1h 5m,Goblet Squat (Kettlebell),Rest Timer,0,0,0,120,
10/12/2025 09:24,Work Out B (Wednesday),1h 5m,Lateral Raise (Dumbbell),1,20,8,0,0,
10/12/2025 09:24,Work Out B (Wednesday),1h 5m,Lateral Raise (Dumbbell),Rest Timer,0,0,0,90,
10/12/2025 09:24,Work Out B (Wednesday),1h 5m,Lateral Raise (Dumbbell),2,20,8,0,0,
10/12/2025 09:24,Work Out B (Wednesday),1h 5m,Lateral Raise (Dumbbell),Rest Timer,0,0,0,90,
10/12/2025 09:24,Work Out B (Wednesday),1h 5m,Lateral Raise (Dumbbell),3,20,8,0,0,
10/12/2025 09:24,Work Out B (Wednesday),1h 5m,Lateral Raise (Dumbbell),Rest Timer,0,0,0,90,
10/12/2025 09:24,Work Out B (Wednesday),1h 5m,Bicep Curl (Dumbbell),1,25,8,0,0,
10/12/2025 09:24,Work Out B (Wednesday),1h 5m,Bicep Curl (Dumbbell),Rest Timer,0,0,0,120,
10/12/2025 09:24,Work Out B (Wednesday),1h 5m,Bicep Curl (Dumbbell),2,25,7,0,0,
10/12/2025 09:24,Work Out B (Wednesday),1h 5m,Bicep Curl (Dumbbell),Rest Timer,0,0,0,120,
10/12/2025 09:24,Work Out B (Wednesday),1h 5m,Bicep Curl (Dumbbell),3,25,6,0,0,
10/12/2025 09:24,Work Out B (Wednesday),1h 5m,Bicep Curl (Dumbbell),Rest Timer,0,0,0,120,
10/12/2025 09:24,Work Out B (Wednesday),1h 5m,Triceps Pushdown (Cable - Straight Bar),1,23,8,0,0,
10/12/2025 09:24,Work Out B (Wednesday),1h 5m,Triceps Pushdown (Cable - Straight Bar),Rest Timer,0,0,0,90,
10/12/2025 09:24,Work Out B (Wednesday),1h 5m,Triceps Pushdown (Cable - Straight Bar),2,23,7,0,0,
10/12/2025 09:24,Work Out B (Wednesday),1h 5m,Triceps Pushdown (Cable - Straight Bar),Rest Timer,0,0,0,90,
10/12/2025 09:24,Work Out B (Wednesday),1h 5m,Triceps Pushdown (Cable - Straight Bar),3,23,8,0,0,
12/12/2025 09:15,Work Out C (Friday),41m,Overhead Press (Dumbbell),1,30,8,0,0,
12/12/2025 09:15,Work Out C (Friday),41m,Overhead Press (Dumbbell),Rest Timer,0,0,0,120,
12/12/2025 09:15,Work Out C (Friday),41m,Overhead Press (Dumbbell),2,30,6,0,0,
12/12/2025 09:15,Work Out C (Friday),41m,Overhead Press (Dumbbell),Rest Timer,0,0,0,90,
12/12/2025 09:15,Work Out C (Friday),41m,Overhead Press (Dumbbell),3,30,6,0,0,
12/12/2025 09:15,Work Out C (Friday),41m,Overhead Press (Dumbbell),Rest Timer,0,0,0,90,
12/12/2025 09:15,Work Out C (Friday),41m,Overhead Press (Dumbbell),4,30,4,0,0,
12/12/2025 09:15,Work Out C (Friday),41m,Overhead Press (Dumbbell),Rest Timer,0,0,0,90,
12/12/2025 09:15,Work Out C (Friday),41m,Squat (Smith Machine),1,60,8,0,0,
12/12/2025 09:15,Work Out C (Friday),41m,Squat (Smith Machine),Rest Timer,0,0,0,120,
12/12/2025 09:15,Work Out C (Friday),41m,Squat (Smith Machine),2,60,8,0,0,
12/12/2025 09:15,Work Out C (Friday),41m,Squat (Smith Machine),Rest Timer,0,0,0,120,
12/12/2025 09:15,Work Out C (Friday),41m,Squat (Smith Machine),3,60,6,0,0,
12/12/2025 09:15,Work Out C (Friday),41m,Squat (Smith Machine),Rest Timer,0,0,0,120,
12/12/2025 09:15,Work Out C (Friday),41m,Bench Press (Dumbbell),1,35,8,0,0,
12/12/2025 09:15,Work Out C (Friday),41m,Bench Press (Dumbbell),Rest Timer,0,0,0,90,
12/12/2025 09:15,Work Out C (Friday),41m,Bench Press (Dumbbell),2,35,8,0,0,
12/12/2025 09:15,Work Out C (Friday),41m,Bench Press (Dumbbell),Rest Timer,0,0,0,90,
12/12/2025 09:15,Work Out C (Friday),41m,Bench Press (Dumbbell),3,35,8,0,0,
12/12/2025 09:15,Work Out C (Friday),41m,Bench Press (Dumbbell),Rest Timer,0,0,0,90,
12/12/2025 09:15,Work Out C (Friday),41m,Reverse Fly (Cable),1,5,8,0,0,
12/12/2025 09:15,Work Out C (Friday),41m,Reverse Fly (Cable),Rest Timer,0,0,0,90,
12/12/2025 09:15,Work Out C (Friday),41m,Reverse Fly (Cable),2,5,8,0,0,
12/12/2025 09:15,Work Out C (Friday),41m,Reverse Fly (Cable),Rest Timer,0,0,0,90,
12/12/2025 09:15,Work Out C (Friday),41m,Reverse Fly (Cable),3,5,8,0,0,
12/12/2025 09:15,Work Out C (Friday),41m,Reverse Fly (Cable),Rest Timer,0,0,0,90,
12/12/2025 09:15,Work Out C (Friday),41m,Plank,1,0,0,0,30,
12/12/2025 09:15,Work Out C (Friday),41m,Plank,Rest Timer,0,0,0,120,
12/12/2025 09:15,Work Out C (Friday),41m,Plank,2,0,0,0,50,
12/12/2025 09:15,Work Out C (Friday),41m,Plank,Rest Timer,0,0,0,120,
12/12/2025 09:15,Work Out C (Friday),41m,Plank,3,0,0,0,50,
15/12/2025 08:27,Work Out A (Monday),51m,Squat (Barbell),1,45,8,0,0,
15/12/2025 08:27,Work Out A (Monday),51m,Squat (Barbell),Rest Timer,0,0,0,120,
15/12/2025 08:27,Work Out A (Monday),51m,Squat (Barbell),2,45,7,0,0,
15/12/2025 08:27,Work Out A (Monday),51m,Squat (Barbell),Rest Timer,0,0,0,90,
15/12/2025 08:27,Work Out A (Monday),51m,Squat (Barbell),3,45,4,0,0,
15/12/2025 08:27,Work Out A (Monday),51m,Squat (Barbell),Rest Timer,0,0,0,90,
15/12/2025 08:27,Work Out A (Monday),51m,Squat (Barbell),4,25,7,0,0,
15/12/2025 08:27,Work Out A (Monday),51m,Squat (Barbell),Rest Timer,0,0,0,90,
15/12/2025 08:27,Work Out A (Monday),51m,Bench Press (Barbell),1,25,8,0,0,
15/12/2025 08:27,Work Out A (Monday),51m,Bench Press (Barbell),Rest Timer,0,0,0,120,
15/12/2025 08:27,Work Out A (Monday),51m,Bench Press (Barbell),2,25,8,0,0,
15/12/2025 08:27,Work Out A (Monday),51m,Bench Press (Barbell),Rest Timer,0,0,0,120,
15/12/2025 08:27,Work Out A (Monday),51m,Bench Press (Barbell),3,25,6,0,0,
15/12/2025 08:27,Work Out A (Monday),51m,Bench Press (Barbell),Rest Timer,0,0,0,120,
15/12/2025 08:27,Work Out A (Monday),51m,Face Pull (Cable),1,9.5,8,0,0,
15/12/2025 08:27,Work Out A (Monday),51m,Face Pull (Cable),Rest Timer,0,0,0,60,
15/12/2025 08:27,Work Out A (Monday),51m,Face Pull (Cable),2,9.5,8,0,0,
15/12/2025 08:27,Work Out A (Monday),51m,Face Pull (Cable),Rest Timer,0,0,0,60,
15/12/2025 08:27,Work Out A (Monday),51m,Face Pull (Cable),3,16,8,0,0,
15/12/2025 08:27,Work Out A (Monday),51m,Face Pull (Cable),Rest Timer,0,0,0,60,
15/12/2025 08:27,Work Out A (Monday),51m,Cable Crunch,1,32,8,0,0,
15/12/2025 08:27,Work Out A (Monday),51m,Cable Crunch,Rest Timer,0,0,0,120,
15/12/2025 08:27,Work Out A (Monday),51m,Cable Crunch,2,32.5,8,0,0,
15/12/2025 08:27,Work Out A (Monday),51m,Cable Crunch,Rest Timer,0,0,0,120,
15/12/2025 08:27,Work Out A (Monday),51m,Cable Crunch,3,32,8,0,0,
15/12/2025 08:27,Work Out A (Monday),51m,Cable Crunch,Rest Timer,0,0,0,120,
15/12/2025 08:27,Work Out A (Monday),51m,Bent Over Row (Barbell),1,25,8,0,0,
15/12/2025 08:27,Work Out A (Monday),51m,Bent Over Row (Barbell),Rest Timer,0,0,0,120,
15/12/2025 08:27,Work Out A (Monday),51m,Bent Over Row (Barbell),2,20,8,0,0,
15/12/2025 08:27,Work Out A (Monday),51m,Bent Over Row (Barbell),Rest Timer,0,0,0,120,
15/12/2025 08:27,Work Out A (Monday),51m,Bent Over Row (Barbell),3,20,8,0,0,
15/12/2025 08:27,Work Out A (Monday),51m,Bent Over Row (Barbell),Rest Timer,0,0,0,120,
15/12/2025 08:27,Work Out A (Monday),51m,Overhead Press (Dumbbell),1,30,8,0,0,
15/12/2025 08:27,Work Out A (Monday),51m,Overhead Press (Dumbbell),Rest Timer,0,0,0,90,
15/12/2025 08:27,Work Out A (Monday),51m,Overhead Press (Dumbbell),2,30,5,0,0,
15/12/2025 08:27,Work Out A (Monday),51m,Overhead Press (Dumbbell),Rest Timer,0,0,0,90,
15/12/2025 08:27,Work Out A (Monday),51m,Overhead Press (Dumbbell),3,25,6,0,0,
15/12/2025 08:27,Work Out A (Monday),51m,Overhead Press (Dumbbell),Rest Timer,0,0,0,90,
18/12/2025 07:36,Work Out B (Wednesday),55m,Romanian Deadlift (Barbell),1,40,8,0,0,
18/12/2025 07:36,Work Out B (Wednesday),55m,Romanian Deadlift (Barbell),Rest Timer,0,0,0,120,
18/12/2025 07:36,Work Out B (Wednesday),55m,Romanian Deadlift (Barbell),2,55,4,0,0,
18/12/2025 07:36,Work Out B (Wednesday),55m,Romanian Deadlift (Barbell),Rest Timer,0,0,0,120,
18/12/2025 07:36,Work Out B (Wednesday),55m,Romanian Deadlift (Barbell),3,45,4,0,0,
18/12/2025 07:36,Work Out B (Wednesday),55m,Romanian Deadlift (Barbell),Rest Timer,0,0,0,120,
18/12/2025 07:36,Work Out B (Wednesday),55m,Romanian Deadlift (Barbell),4,45,7,0,0,
18/12/2025 07:36,Work Out B (Wednesday),55m,Romanian Deadlift (Barbell),Rest Timer,0,0,0,120,
18/12/2025 07:36,Work Out B (Wednesday),55m,Lat Pulldown (Cable),1,40,8,0,0,
18/12/2025 07:36,Work Out B (Wednesday),55m,Lat Pulldown (Cable),Rest Timer,0,0,0,120,
18/12/2025 07:36,Work Out B (Wednesday),55m,Lat Pulldown (Cable),2,40,6,0,0,
18/12/2025 07:36,Work Out B (Wednesday),55m,Lat Pulldown (Cable),Rest Timer,0,0,0,120,
18/12/2025 07:36,Work Out B (Wednesday),55m,Lat Pulldown (Cable),3,30,9,0,0,
18/12/2025 07:36,Work Out B (Wednesday),55m,Lat Pulldown (Cable),Rest Timer,0,0,0,120,
18/12/2025 07:36,Work Out B (Wednesday),55m,Lat Pulldown (Cable),4,30,8,0,0,
18/12/2025 07:36,Work Out B (Wednesday),55m,Lat Pulldown (Cable),Rest Timer,0,0,0,120,
18/12/2025 07:36,Work Out B (Wednesday),55m,Incline Bench Press (Dumbbell),1,30,12,0,0,
18/12/2025 07:36,Work Out B (Wednesday),55m,Incline Bench Press (Dumbbell),Rest Timer,0,0,0,90,
18/12/2025 07:36,Work Out B (Wednesday),55m,Incline Bench Press (Dumbbell),2,30,8,0,0,
18/12/2025 07:36,Work Out B (Wednesday),55m,Incline Bench Press (Dumbbell),Rest Timer,0,0,0,90,
18/12/2025 07:36,Work Out B (Wednesday),55m,Incline Bench Press (Dumbbell),3,30,8,0,0,
18/12/2025 07:36,Work Out B (Wednesday),55m,Incline Bench Press (Dumbbell),Rest Timer,0,0,0,90,
18/12/2025 07:36,Work Out B (Wednesday),55m,Lateral Raise (Cable),1,5,7,0,0,
18/12/2025 07:36,Work Out B (Wednesday),55m,Lateral Raise (Cable),Rest Timer,0,0,0,120,
18/12/2025 07:36,Work Out B (Wednesday),55m,Lateral Raise (Cable),2,5,8,0,0,
18/12/2025 07:36,Work Out B (Wednesday),55m,Lateral Raise (Cable),Rest Timer,0,0,0,120,
18/12/2025 07:36,Work Out B (Wednesday),55m,Lateral Raise (Cable),3,5,8,0,0,
18/12/2025 07:36,Work Out B (Wednesday),55m,Lateral Raise (Cable),Rest Timer,0,0,0,120,
18/12/2025 07:36,Work Out B (Wednesday),55m,Bicep Curl (Dumbbell),1,25,8,0,0,
18/12/2025 07:36,Work Out B (Wednesday),55m,Bicep Curl (Dumbbell),Rest Timer,0,0,0,120,
18/12/2025 07:36,Work Out B (Wednesday),55m,Bicep Curl (Dumbbell),2,25,7,0,0,
18/12/2025 07:36,Work Out B (Wednesday),55m,Bicep Curl (Dumbbell),Rest Timer,0,0,0,120,
18/12/2025 07:36,Work Out B (Wednesday),55m,Bicep Curl (Dumbbell),3,25,7,0,0,
18/12/2025 07:36,Work Out B (Wednesday),55m,Bicep Curl (Dumbbell),Rest Timer,0,0,0,120,
18/12/2025 07:36,Work Out B (Wednesday),55m,Triceps Pushdown (Cable - Straight Bar),1,23,8,0,0,
18/12/2025 07:36,Work Out B (Wednesday),55m,Triceps Pushdown (Cable - Straight Bar),Rest Timer,0,0,0,90,
18/12/2025 07:36,Work Out B (Wednesday),55m,Triceps Pushdown (Cable - Straight Bar),2,23,6,0,0,
18/12/2025 07:36,Work Out B (Wednesday),55m,Triceps Pushdown (Cable - Straight Bar),Rest Timer,0,0,0,90,
18/12/2025 07:36,Work Out B (Wednesday),55m,Triceps Pushdown (Cable - Straight Bar),3,18.5,8,0,0,
20/12/2025 09:17,Work Out C (Friday),30m,Overhead Press (Dumbbell),1,30,8,0,0,
20/12/2025 09:17,Work Out C (Friday),30m,Overhead Press (Dumbbell),Rest Timer,0,0,0,120,
20/12/2025 09:17,Work Out C (Friday),30m,Overhead Press (Dumbbell),2,30,8,0,0,
20/12/2025 09:17,Work Out C (Friday),30m,Overhead Press (Dumbbell),Rest Timer,0,0,0,120,
20/12/2025 09:17,Work Out C (Friday),30m,Overhead Press (Dumbbell),3,25,5,0,0,
20/12/2025 09:17,Work Out C (Friday),30m,Overhead Press (Dumbbell),Rest Timer,0,0,0,120,
20/12/2025 09:17,Work Out C (Friday),30m,Overhead Press (Dumbbell),4,30,8,0,0,
20/12/2025 09:17,Work Out C (Friday),30m,Overhead Press (Dumbbell),Rest Timer,0,0,0,120,
20/12/2025 09:17,Work Out C (Friday),30m,Bench Press (Dumbbell),1,40,7,0,0,
20/12/2025 09:17,Work Out C (Friday),30m,Bench Press (Dumbbell),Rest Timer,0,0,0,120,
20/12/2025 09:17,Work Out C (Friday),30m,Bench Press (Dumbbell),2,40,7,0,0,
20/12/2025 09:17,Work Out C (Friday),30m,Bench Press (Dumbbell),Rest Timer,0,0,0,120,
20/12/2025 09:17,Work Out C (Friday),30m,Bench Press (Dumbbell),3,40,6,0,0,
20/12/2025 09:17,Work Out C (Friday),30m,Bench Press (Dumbbell),Rest Timer,0,0,0,120,
20/12/2025 09:17,Work Out C (Friday),30m,Reverse Fly (Cable),1,5,8,0,0,
20/12/2025 09:17,Work Out C (Friday),30m,Reverse Fly (Cable),Rest Timer,0,0,0,120,
20/12/2025 09:17,Work Out C (Friday),30m,Reverse Fly (Cable),2,5,8,0,0,
20/12/2025 09:17,Work Out C (Friday),30m,Reverse Fly (Cable),Rest Timer,0,0,0,120,
20/12/2025 09:17,Work Out C (Friday),30m,Reverse Fly (Cable),3,5,8,0,0,
20/12/2025 09:17,Work Out C (Friday),30m,Reverse Fly (Cable),Rest Timer,0,0,0,120,
20/12/2025 09:17,Work Out C (Friday),30m,Plank,1,0,0,0,50,
20/12/2025 09:17,Work Out C (Friday),30m,Plank,Rest Timer,0,0,0,120,
20/12/2025 09:17,Work Out C (Friday),30m,Plank,2,0,0,0,50,
20/12/2025 09:17,Work Out C (Friday),30m,Plank,Rest Timer,0,0,0,120,
20/12/2025 09:17,Work Out C (Friday),30m,Plank,3,0,0,0,50,
22/12/2025 08:23,Work Out A (Monday),34m,Bench Press (Smith Machine),1,45,4,0,0,
22/12/2025 08:23,Work Out A (Monday),34m,Bench Press (Smith Machine),Rest Timer,0,0,0,90,
22/12/2025 08:23,Work Out A (Monday),34m,Bench Press (Smith Machine),2,40,7,0,0,
22/12/2025 08:23,Work Out A (Monday),34m,Bench Press (Smith Machine),Rest Timer,0,0,0,90,
22/12/2025 08:23,Work Out A (Monday),34m,Bench Press (Smith Machine),3,40,6,0,0,
22/12/2025 08:23,Work Out A (Monday),34m,Bench Press (Smith Machine),Rest Timer,0,0,0,90,
22/12/2025 08:23,Work Out A (Monday),34m,Bent Over Row (Barbell),1,20,12,0,0,
22/12/2025 08:23,Work Out A (Monday),34m,Bent Over Row (Barbell),Rest Timer,0,0,0,120,
22/12/2025 08:23,Work Out A (Monday),34m,Bent Over Row (Barbell),2,25,10,0,0,
22/12/2025 08:23,Work Out A (Monday),34m,Bent Over Row (Barbell),Rest Timer,0,0,0,120,
22/12/2025 08:23,Work Out A (Monday),34m,Bent Over Row (Barbell),3,20,10,0,0,
22/12/2025 08:23,Work Out A (Monday),34m,Bent Over Row (Barbell),Rest Timer,0,0,0,120,
22/12/2025 08:23,Work Out A (Monday),34m,Overhead Press (Dumbbell),1,30,8,0,0,
22/12/2025 08:23,Work Out A (Monday),34m,Overhead Press (Dumbbell),Rest Timer,0,0,0,90,
22/12/2025 08:23,Work Out A (Monday),34m,Overhead Press (Dumbbell),2,30,7,0,0,
22/12/2025 08:23,Work Out A (Monday),34m,Overhead Press (Dumbbell),Rest Timer,0,0,0,90,
22/12/2025 08:23,Work Out A (Monday),34m,Overhead Press (Dumbbell),3,25,4,0,0,
22/12/2025 08:23,Work Out A (Monday),34m,Overhead Press (Dumbbell),Rest Timer,0,0,0,90,
22/12/2025 08:23,Work Out A (Monday),34m,Face Pull (Cable),1,14,8,0,0,
22/12/2025 08:23,Work Out A (Monday),34m,Face Pull (Cable),Rest Timer,0,0,0,60,
22/12/2025 08:23,Work Out A (Monday),34m,Face Pull (Cable),2,14,8,0,0,
22/12/2025 08:23,Work Out A (Monday),34m,Face Pull (Cable),Rest Timer,0,0,0,60,
22/12/2025 08:23,Work Out A (Monday),34m,Face Pull (Cable),3,14,8,0,0,
22/12/2025 08:23,Work Out A (Monday),34m,Face Pull (Cable),Rest Timer,0,0,0,60,
22/12/2025 08:23,Work Out A (Monday),34m,Cable Crunch,1,32,10,0,0,
22/12/2025 08:23,Work Out A (Monday),34m,Cable Crunch,Rest Timer,0,0,0,120,
22/12/2025 08:23,Work Out A (Monday),34m,Cable Crunch,2,32,10,0,0,
22/12/2025 08:23,Work Out A (Monday),34m,Cable Crunch,Rest Timer,0,0,0,60,
22/12/2025 08:23,Work Out A (Monday),34m,Cable Crunch,3,32,8,0,0,
24/12/2025 08:28,Work Out B (Wednesday),55m,Romanian Deadlift (Barbell),1,45,8,0,0,
24/12/2025 08:28,Work Out B (Wednesday),55m,Romanian Deadlift (Barbell),Rest Timer,0,0,0,120,
24/12/2025 08:28,Work Out B (Wednesday),55m,Romanian Deadlift (Barbell),2,45,8,0,0,
24/12/2025 08:28,Work Out B (Wednesday),55m,Romanian Deadlift (Barbell),Rest Timer,0,0,0,120,
24/12/2025 08:28,Work Out B (Wednesday),55m,Romanian Deadlift (Barbell),3,45,8,0,0,
24/12/2025 08:28,Work Out B (Wednesday),55m,Romanian Deadlift (Barbell),Rest Timer,0,0,0,120,
24/12/2025 08:28,Work Out B (Wednesday),55m,Romanian Deadlift (Barbell),4,45,8,0,0,
24/12/2025 08:28,Work Out B (Wednesday),55m,Romanian Deadlift (Barbell),Rest Timer,0,0,0,120,
24/12/2025 08:28,Work Out B (Wednesday),55m,Lat Pulldown (Cable),1,40,8,0,0,
24/12/2025 08:28,Work Out B (Wednesday),55m,Lat Pulldown (Cable),Rest Timer,0,0,0,120,
24/12/2025 08:28,Work Out B (Wednesday),55m,Lat Pulldown (Cable),2,35,8,0,0,
24/12/2025 08:28,Work Out B (Wednesday),55m,Lat Pulldown (Cable),Rest Timer,0,0,0,120,
24/12/2025 08:28,Work Out B (Wednesday),55m,Lat Pulldown (Cable),3,35,8,0,0,
24/12/2025 08:28,Work Out B (Wednesday),55m,Lat Pulldown (Cable),Rest Timer,0,0,0,120,
24/12/2025 08:28,Work Out B (Wednesday),55m,Lat Pulldown (Cable),4,35,6,0,0,
24/12/2025 08:28,Work Out B (Wednesday),55m,Lat Pulldown (Cable),Rest Timer,0,0,0,120,
24/12/2025 08:28,Work Out B (Wednesday),55m,Incline Bench Press (Dumbbell),1,35,8,0,0,
24/12/2025 08:28,Work Out B (Wednesday),55m,Incline Bench Press (Dumbbell),Rest Timer,0,0,0,90,
24/12/2025 08:28,Work Out B (Wednesday),55m,Incline Bench Press (Dumbbell),2,35,8,0,0,
24/12/2025 08:28,Work Out B (Wednesday),55m,Incline Bench Press (Dumbbell),Rest Timer,0,0,0,90,
24/12/2025 08:28,Work Out B (Wednesday),55m,Incline Bench Press (Dumbbell),3,35,6,0,0,
24/12/2025 08:28,Work Out B (Wednesday),55m,Incline Bench Press (Dumbbell),Rest Timer,0,0,0,90,
24/12/2025 08:28,Work Out B (Wednesday),55m,Lateral Raise (Cable),1,5,8,0,0,
24/12/2025 08:28,Work Out B (Wednesday),55m,Lateral Raise (Cable),Rest Timer,0,0,0,120,
24/12/2025 08:28,Work Out B (Wednesday),55m,Lateral Raise (Cable),2,5,8,0,0,
24/12/2025 08:28,Work Out B (Wednesday),55m,Lateral Raise (Cable),Rest Timer,0,0,0,120,
24/12/2025 08:28,Work Out B (Wednesday),55m,Lateral Raise (Cable),3,5,8,0,0,
24/12/2025 08:28,Work Out B (Wednesday),55m,Lateral Raise (Cable),Rest Timer,0,0,0,120,
24/12/2025 08:28,Work Out B (Wednesday),55m,Bicep Curl (Machine),1,20,8,0,0,
24/12/2025 08:28,Work Out B (Wednesday),55m,Bicep Curl (Machine),Rest Timer,0,0,0,120,
24/12/2025 08:28,Work Out B (Wednesday),55m,Bicep Curl (Machine),2,20,8,0,0,
24/12/2025 08:28,Work Out B (Wednesday),55m,Bicep Curl (Machine),Rest Timer,0,0,0,90,
24/12/2025 08:28,Work Out B (Wednesday),55m,Bicep Curl (Machine),3,20,8,0,0,
24/12/2025 08:28,Work Out B (Wednesday),55m,Bicep Curl (Machine),Rest Timer,0,0,0,90,
24/12/2025 08:28,Work Out B (Wednesday),55m,Triceps Pushdown (Cable - Straight Bar),1,23,8,0,0,
24/12/2025 08:28,Work Out B (Wednesday),55m,Triceps Pushdown (Cable - Straight Bar),Rest Timer,0,0,0,90,
24/12/2025 08:28,Work Out B (Wednesday),55m,Triceps Pushdown (Cable - Straight Bar),2,23,8,0,0,
24/12/2025 08:28,Work Out B (Wednesday),55m,Triceps Pushdown (Cable - Straight Bar),Rest Timer,0,0,0,90,
24/12/2025 08:28,Work Out B (Wednesday),55m,Triceps Pushdown (Cable - Straight Bar),3,23,7,0,0,
27/12/2025 07:39,Work Out C (Friday),42m,Overhead Press (Dumbbell),1,30,6,0,0,
27/12/2025 07:39,Work Out C (Friday),42m,Overhead Press (Dumbbell),Rest Timer,0,0,0,120,
27/12/2025 07:39,Work Out C (Friday),42m,Overhead Press (Dumbbell),2,30,6,0,0,
27/12/2025 07:39,Work Out C (Friday),42m,Overhead Press (Dumbbell),Rest Timer,0,0,0,120,
27/12/2025 07:39,Work Out C (Friday),42m,Overhead Press (Dumbbell),3,30,6,0,0,
27/12/2025 07:39,Work Out C (Friday),42m,Overhead Press (Dumbbell),Rest Timer,0,0,0,120,
27/12/2025 07:39,Work Out C (Friday),42m,Overhead Press (Dumbbell),4,30,6,0,0,
27/12/2025 07:39,Work Out C (Friday),42m,Overhead Press (Dumbbell),Rest Timer,0,0,0,120,
27/12/2025 07:39,Work Out C (Friday),42m,Bench Press (Dumbbell),1,40,7,0,0,
27/12/2025 07:39,Work Out C (Friday),42m,Bench Press (Dumbbell),Rest Timer,0,0,0,120,
27/12/2025 07:39,Work Out C (Friday),42m,Bench Press (Dumbbell),2,40,7,0,0,
27/12/2025 07:39,Work Out C (Friday),42m,Bench Press (Dumbbell),Rest Timer,0,0,0,120,
27/12/2025 07:39,Work Out C (Friday),42m,Bench Press (Dumbbell),3,40,8,0,0,
27/12/2025 07:39,Work Out C (Friday),42m,Bench Press (Dumbbell),Rest Timer,0,0,0,120,
27/12/2025 07:39,Work Out C (Friday),42m,Reverse Fly (Dumbbell),1,10,10,0,0,
27/12/2025 07:39,Work Out C (Friday),42m,Reverse Fly (Dumbbell),Rest Timer,0,0,0,120,
27/12/2025 07:39,Work Out C (Friday),42m,Reverse Fly (Dumbbell),2,10,10,0,0,
27/12/2025 07:39,Work Out C (Friday),42m,Reverse Fly (Dumbbell),Rest Timer,0,0,0,120,
27/12/2025 07:39,Work Out C (Friday),42m,Reverse Fly (Dumbbell),3,10,10,0,0,
27/12/2025 07:39,Work Out C (Friday),42m,Reverse Fly (Dumbbell),Rest Timer,0,0,0,120,
27/12/2025 07:39,Work Out C (Friday),42m,Cable Crunch,1,32,10,0,0,
27/12/2025 07:39,Work Out C (Friday),42m,Cable Crunch,Rest Timer,0,0,0,120,
27/12/2025 07:39,Work Out C (Friday),42m,Cable Crunch,2,32,10,0,0,
27/12/2025 07:39,Work Out C (Friday),42m,Cable Crunch,Rest Timer,0,0,0,120,
27/12/2025 07:39,Work Out C (Friday),42m,Cable Crunch,3,32,8,0,0,
27/12/2025 07:39,Work Out C (Friday),42m,Cable Crunch,Rest Timer,0,0,0,120,
27/12/2025 07:39,Work Out C (Friday),42m,Bicep Curl (Machine),1,20,8,0,0,
27/12/2025 07:39,Work Out C (Friday),42m,Bicep Curl (Machine),Rest Timer,0,0,0,120,
29/12/2025 07:56,Work Out A (Monday),46m,Squat (Barbell),1,50,8,0,0,
29/12/2025 07:56,Work Out A (Monday),46m,Squat (Barbell),Rest Timer,0,0,0,120,
29/12/2025 07:56,Work Out A (Monday),46m,Squat (Barbell),2,50,8,0,0,
29/12/2025 07:56,Work Out A (Monday),46m,Squat (Barbell),Rest Timer,0,0,0,120,
29/12/2025 07:56,Work Out A (Monday),46m,Squat (Barbell),3,50,8,0,0,
29/12/2025 07:56,Work Out A (Monday),46m,Squat (Barbell),Rest Timer,0,0,0,120,
29/12/2025 07:56,Work Out A (Monday),46m,Squat (Barbell),4,50,8,0,0,
29/12/2025 07:56,Work Out A (Monday),46m,Squat (Barbell),Rest Timer,0,0,0,120,
29/12/2025 07:56,Work Out A (Monday),46m,Bent Over Row (Barbell),1,30,8,0,0,
29/12/2025 07:56,Work Out A (Monday),46m,Bent Over Row (Barbell),Rest Timer,0,0,0,120,
29/12/2025 07:56,Work Out A (Monday),46m,Bent Over Row (Barbell),2,35,8,0,0,
29/12/2025 07:56,Work Out A (Monday),46m,Bent Over Row (Barbell),Rest Timer,0,0,0,120,
29/12/2025 07:56,Work Out A (Monday),46m,Bent Over Row (Barbell),3,35,8,0,0,
29/12/2025 07:56,Work Out A (Monday),46m,Bent Over Row (Barbell),Rest Timer,0,0,0,120,
29/12/2025 07:56,Work Out A (Monday),46m,Bench Press (Barbell),1,40,8,0,0,
29/12/2025 07:56,Work Out A (Monday),46m,Bench Press (Barbell),Rest Timer,0,0,0,120,
29/12/2025 07:56,Work Out A (Monday),46m,Bench Press (Barbell),2,45,6,0,0,
29/12/2025 07:56,Work Out A (Monday),46m,Bench Press (Barbell),Rest Timer,0,0,0,120,
29/12/2025 07:56,Work Out A (Monday),46m,Bench Press (Barbell),3,45,6,0,0,
29/12/2025 07:56,Work Out A (Monday),46m,Bench Press (Barbell),Rest Timer,0,0,0,120,
29/12/2025 07:56,Work Out A (Monday),46m,Face Pull (Cable),1,14,8,0,0,
29/12/2025 07:56,Work Out A (Monday),46m,Face Pull (Cable),Rest Timer,0,0,0,60,
29/12/2025 07:56,Work Out A (Monday),46m,Face Pull (Cable),2,18.5,8,0,0,
29/12/2025 07:56,Work Out A (Monday),46m,Face Pull (Cable),Rest Timer,0,0,0,60,
29/12/2025 07:56,Work Out A (Monday),46m,Face Pull (Cable),3,18.5,8,0,0,
29/12/2025 07:56,Work Out A (Monday),46m,Face Pull (Cable),Rest Timer,0,0,0,60,
29/12/2025 07:56,Work Out A (Monday),46m,Cable Crunch,1,32,8,0,0,
29/12/2025 07:56,Work Out A (Monday),46m,Cable Crunch,Rest Timer,0,0,0,120,
29/12/2025 07:56,Work Out A (Monday),46m,Cable Crunch,2,32,8,0,0,
29/12/2025 07:56,Work Out A (Monday),46m,Cable Crunch,Rest Timer,0,0,0,120,
29/12/2025 07:56,Work Out A (Monday),46m,Cable Crunch,3,32,6,0,0,
29/12/2025 07:56,Work Out A (Monday),46m,Cable Crunch,Rest Timer,0,0,0,120,
29/12/2025 07:56,Work Out A (Monday),46m,Overhead Press (Dumbbell),1,30,7,0,0,
29/12/2025 07:56,Work Out A (Monday),46m,Overhead Press (Dumbbell),Rest Timer,0,0,0,90,
29/12/2025 07:56,Work Out A (Monday),46m,Overhead Press (Dumbbell),2,30,6,0,0,
29/12/2025 07:56,Work Out A (Monday),46m,Overhead Press (Dumbbell),Rest Timer,0,0,0,90,
29/12/2025 07:56,Work Out A (Monday),46m,Overhead Press (Dumbbell),3,30,8,0,0,
29/12/2025 07:56,Work Out A (Monday),46m,Overhead Press (Dumbbell),Rest Timer,0,0,0,90,
31/12/2025 09:12,Work Out B (Wednesday),1h 2m,Romanian Deadlift (Barbell),1,50,8,0,0,
31/12/2025 09:12,Work Out B (Wednesday),1h 2m,Romanian Deadlift (Barbell),Rest Timer,0,0,0,120,
31/12/2025 09:12,Work Out B (Wednesday),1h 2m,Romanian Deadlift (Barbell),2,60,8,0,0,
31/12/2025 09:12,Work Out B (Wednesday),1h 2m,Romanian Deadlift (Barbell),Rest Timer,0,0,0,120,
31/12/2025 09:12,Work Out B (Wednesday),1h 2m,Romanian Deadlift (Barbell),3,60,8,0,0,
31/12/2025 09:12,Work Out B (Wednesday),1h 2m,Romanian Deadlift (Barbell),Rest Timer,0,0,0,120,
31/12/2025 09:12,Work Out B (Wednesday),1h 2m,Romanian Deadlift (Barbell),4,60,8,0,0,
31/12/2025 09:12,Work Out B (Wednesday),1h 2m,Romanian Deadlift (Barbell),Rest Timer,0,0,0,60,
31/12/2025 09:12,Work Out B (Wednesday),1h 2m,Lat Pulldown (Cable),1,40,8,0,0,
31/12/2025 09:12,Work Out B (Wednesday),1h 2m,Lat Pulldown (Cable),Rest Timer,0,0,0,120,
31/12/2025 09:12,Work Out B (Wednesday),1h 2m,Lat Pulldown (Cable),2,40,7,0,0,
31/12/2025 09:12,Work Out B (Wednesday),1h 2m,Lat Pulldown (Cable),Rest Timer,0,0,0,120,
31/12/2025 09:12,Work Out B (Wednesday),1h 2m,Lat Pulldown (Cable),3,40,7,0,0,
31/12/2025 09:12,Work Out B (Wednesday),1h 2m,Lat Pulldown (Cable),Rest Timer,0,0,0,120,
31/12/2025 09:12,Work Out B (Wednesday),1h 2m,Lat Pulldown (Cable),4,40,6,0,0,
31/12/2025 09:12,Work Out B (Wednesday),1h 2m,Lat Pulldown (Cable),Rest Timer,0,0,0,120,
31/12/2025 09:12,Work Out B (Wednesday),1h 2m,Incline Bench Press (Dumbbell),1,35,8,0,0,
31/12/2025 09:12,Work Out B (Wednesday),1h 2m,Incline Bench Press (Dumbbell),Rest Timer,0,0,0,90,
31/12/2025 09:12,Work Out B (Wednesday),1h 2m,Incline Bench Press (Dumbbell),2,35,8,0,0,
31/12/2025 09:12,Work Out B (Wednesday),1h 2m,Incline Bench Press (Dumbbell),Rest Timer,0,0,0,90,
31/12/2025 09:12,Work Out B (Wednesday),1h 2m,Incline Bench Press (Dumbbell),3,35,8,0,0,
31/12/2025 09:12,Work Out B (Wednesday),1h 2m,Incline Bench Press (Dumbbell),Rest Timer,0,0,0,90,
31/12/2025 09:12,Work Out B (Wednesday),1h 2m,Goblet Squat (Kettlebell),1,50,8,0,0,
31/12/2025 09:12,Work Out B (Wednesday),1h 2m,Goblet Squat (Kettlebell),Rest Timer,0,0,0,120,
31/12/2025 09:12,Work Out B (Wednesday),1h 2m,Goblet Squat (Kettlebell),2,50,8,0,0,
31/12/2025 09:12,Work Out B (Wednesday),1h 2m,Goblet Squat (Kettlebell),Rest Timer,0,0,0,120,
31/12/2025 09:12,Work Out B (Wednesday),1h 2m,Goblet Squat (Kettlebell),3,50,8,0,0,
31/12/2025 09:12,Work Out B (Wednesday),1h 2m,Goblet Squat (Kettlebell),Rest Timer,0,0,0,120,
31/12/2025 09:12,Work Out B (Wednesday),1h 2m,Lateral Raise (Dumbbell),1,20,8,0,0,
31/12/2025 09:12,Work Out B (Wednesday),1h 2m,Lateral Raise (Dumbbell),Rest Timer,0,0,0,120,
31/12/2025 09:12,Work Out B (Wednesday),1h 2m,Lateral Raise (Dumbbell),2,15,8,0,0,
31/12/2025 09:12,Work Out B (Wednesday),1h 2m,Lateral Raise (Dumbbell),Rest Timer,0,0,0,90,
31/12/2025 09:12,Work Out B (Wednesday),1h 2m,Lateral Raise (Dumbbell),3,15,8,0,0,
31/12/2025 09:12,Work Out B (Wednesday),1h 2m,Lateral Raise (Dumbbell),Rest Timer,0,0,0,90,
31/12/2025 09:12,Work Out B (Wednesday),1h 2m,Lateral Raise (Dumbbell),4,15,8,0,0,
31/12/2025 09:12,Work Out B (Wednesday),1h 2m,Lateral Raise (Dumbbell),Rest Timer,0,0,0,120,
31/12/2025 09:12,Work Out B (Wednesday),1h 2m,Bicep Curl (Cable),1,20,8,0,0,
31/12/2025 09:12,Work Out B (Wednesday),1h 2m,Bicep Curl (Cable),Rest Timer,0,0,0,90,
31/12/2025 09:12,Work Out B (Wednesday),1h 2m,Bicep Curl (Cable),2,25,8,0,0,
31/12/2025 09:12,Work Out B (Wednesday),1h 2m,Bicep Curl (Cable),Rest Timer,0,0,0,90,
31/12/2025 09:12,Work Out B (Wednesday),1h 2m,Bicep Curl (Cable),3,25,8,0,0,
31/12/2025 09:12,Work Out B (Wednesday),1h 2m,Bicep Curl (Cable),Rest Timer,0,0,0,90,
31/12/2025 09:12,Work Out B (Wednesday),1h 2m,Triceps Pushdown (Cable - Straight Bar),1,23,8,0,0,
31/12/2025 09:12,Work Out B (Wednesday),1h 2m,Triceps Pushdown (Cable - Straight Bar),Rest Timer,0,0,0,90,
31/12/2025 09:12,Work Out B (Wednesday),1h 2m,Triceps Pushdown (Cable - Straight Bar),2,23,8,0,0,
31/12/2025 09:12,Work Out B (Wednesday),1h 2m,Triceps Pushdown (Cable - Straight Bar),Rest Timer,0,0,0,90,
31/12/2025 09:12,Work Out B (Wednesday),1h 2m,Triceps Pushdown (Cable - Straight Bar),3,18.5,8,0,0,
2/1/2026 08:27,Work Out C (Friday),56m,Overhead Press (Dumbbell),1,30,8,0,0,
2/1/2026 08:27,Work Out C (Friday),56m,Overhead Press (Dumbbell),Rest Timer,0,0,0,120,
2/1/2026 08:27,Work Out C (Friday),56m,Overhead Press (Dumbbell),2,30,7,0,0,
2/1/2026 08:27,Work Out C (Friday),56m,Overhead Press (Dumbbell),Rest Timer,0,0,0,120,
2/1/2026 08:27,Work Out C (Friday),56m,Overhead Press (Dumbbell),3,30,5,0,0,
2/1/2026 08:27,Work Out C (Friday),56m,Overhead Press (Dumbbell),Rest Timer,0,0,0,120,
2/1/2026 08:27,Work Out C (Friday),56m,Overhead Press (Dumbbell),4,30,5,0,0,
2/1/2026 08:27,Work Out C (Friday),56m,Overhead Press (Dumbbell),Rest Timer,0,0,0,120,
2/1/2026 08:27,Work Out C (Friday),56m,Squat (Smith Machine),1,60,8,0,0,
2/1/2026 08:27,Work Out C (Friday),56m,Squat (Smith Machine),Rest Timer,0,0,0,120,
2/1/2026 08:27,Work Out C (Friday),56m,Squat (Smith Machine),2,60,8,0,0,
2/1/2026 08:27,Work Out C (Friday),56m,Squat (Smith Machine),Rest Timer,0,0,0,120,
2/1/2026 08:27,Work Out C (Friday),56m,Squat (Smith Machine),3,60,8,0,0,
2/1/2026 08:27,Work Out C (Friday),56m,Squat (Smith Machine),Rest Timer,0,0,0,120,
2/1/2026 08:27,Work Out C (Friday),56m,Bench Press (Dumbbell),1,40,8,0,0,
2/1/2026 08:27,Work Out C (Friday),56m,Bench Press (Dumbbell),Rest Timer,0,0,0,120,
2/1/2026 08:27,Work Out C (Friday),56m,Bench Press (Dumbbell),2,40,8,0,0,
2/1/2026 08:27,Work Out C (Friday),56m,Bench Press (Dumbbell),Rest Timer,0,0,0,120,
2/1/2026 08:27,Work Out C (Friday),56m,Bench Press (Dumbbell),3,40,5,0,0,
2/1/2026 08:27,Work Out C (Friday),56m,Bench Press (Dumbbell),Rest Timer,0,0,0,120,
2/1/2026 08:27,Work Out C (Friday),56m,Pull Up (Band),1,35,8,0,0,
2/1/2026 08:27,Work Out C (Friday),56m,Pull Up (Band),Rest Timer,0,0,0,120,
2/1/2026 08:27,Work Out C (Friday),56m,Pull Up (Band),2,35,8,0,0,
2/1/2026 08:27,Work Out C (Friday),56m,Pull Up (Band),Rest Timer,0,0,0,120,
2/1/2026 08:27,Work Out C (Friday),56m,Pull Up (Band),3,35,7,0,0,
2/1/2026 08:27,Work Out C (Friday),56m,Pull Up (Band),Rest Timer,0,0,0,120,
2/1/2026 08:27,Work Out C (Friday),56m,Cable Crunch,1,27.5,8,0,0,
2/1/2026 08:27,Work Out C (Friday),56m,Cable Crunch,Rest Timer,0,0,0,120,
2/1/2026 08:27,Work Out C (Friday),56m,Cable Crunch,2,36.5,8,0,0,
2/1/2026 08:27,Work Out C (Friday),56m,Cable Crunch,Rest Timer,0,0,0,120,
2/1/2026 08:27,Work Out C (Friday),56m,Cable Crunch,3,36.5,8,0,0,
2/1/2026 08:27,Work Out C (Friday),56m,Cable Crunch,Rest Timer,0,0,0,120,
2/1/2026 08:27,Work Out C (Friday),56m,Reverse Fly (Cable),1,5,10,0,0,
2/1/2026 08:27,Work Out C (Friday),56m,Reverse Fly (Cable),Rest Timer,0,0,0,120,
2/1/2026 08:27,Work Out C (Friday),56m,Reverse Fly (Cable),2,5,10,0,0,
2/1/2026 08:27,Work Out C (Friday),56m,Reverse Fly (Cable),Rest Timer,0,0,0,120,
2/1/2026 08:27,Work Out C (Friday),56m,Reverse Fly (Cable),3,5,8,0,0,
2/1/2026 08:27,Work Out C (Friday),56m,Reverse Fly (Cable),Rest Timer,0,0,0,120,
2/1/2026 08:27,Work Out C (Friday),56m,Bicep Curl (Machine),1,25,8,0,0,
2/1/2026 08:27,Work Out C (Friday),56m,Bicep Curl (Machine),Rest Timer,0,0,0,120,
2/1/2026 08:27,Work Out C (Friday),56m,Bicep Curl (Machine),2,30,6,0,0,
2/1/2026 08:27,Work Out C (Friday),56m,Bicep Curl (Machine),Rest Timer,0,0,0,120,
2/1/2026 08:27,Work Out C (Friday),56m,Bicep Curl (Machine),3,30,8,0,0,
2/1/2026 08:27,Work Out C (Friday),56m,Bicep Curl (Machine),Rest Timer,0,0,0,120,
5/1/2026 07:56,Work Out A (Monday),12h 18m,Squat (Barbell),1,55,7,0,0,
5/1/2026 07:56,Work Out A (Monday),12h 18m,Squat (Barbell),Rest Timer,0,0,0,120,
5/1/2026 07:56,Work Out A (Monday),12h 18m,Squat (Barbell),2,55,7,0,0,
5/1/2026 07:56,Work Out A (Monday),12h 18m,Squat (Barbell),Rest Timer,0,0,0,120,
5/1/2026 07:56,Work Out A (Monday),12h 18m,Squat (Barbell),3,55,6,0,0,
5/1/2026 07:56,Work Out A (Monday),12h 18m,Squat (Barbell),Rest Timer,0,0,0,120,
5/1/2026 07:56,Work Out A (Monday),12h 18m,Squat (Barbell),4,55,7,0,0,
5/1/2026 07:56,Work Out A (Monday),12h 18m,Squat (Barbell),Rest Timer,0,0,0,120,
5/1/2026 07:56,Work Out A (Monday),12h 18m,Bench Press (Barbell),1,45,6,0,0,
5/1/2026 07:56,Work Out A (Monday),12h 18m,Bench Press (Barbell),Rest Timer,0,0,0,120,
5/1/2026 07:56,Work Out A (Monday),12h 18m,Bench Press (Barbell),2,45,7,0,0,
5/1/2026 07:56,Work Out A (Monday),12h 18m,Bench Press (Barbell),Rest Timer,0,0,0,90,
5/1/2026 07:56,Work Out A (Monday),12h 18m,Bench Press (Barbell),3,45,4,0,0,
5/1/2026 07:56,Work Out A (Monday),12h 18m,Bench Press (Barbell),Rest Timer,0,0,0,90,
5/1/2026 07:56,Work Out A (Monday),12h 18m,Bent Over Row (Barbell),1,40,8,0,0,
5/1/2026 07:56,Work Out A (Monday),12h 18m,Bent Over Row (Barbell),Rest Timer,0,0,0,90,
5/1/2026 07:56,Work Out A (Monday),12h 18m,Bent Over Row (Barbell),2,40,8,0,0,
5/1/2026 07:56,Work Out A (Monday),12h 18m,Bent Over Row (Barbell),Rest Timer,0,0,0,90,
5/1/2026 07:56,Work Out A (Monday),12h 18m,Bent Over Row (Barbell),3,40,8,0,0,
5/1/2026 07:56,Work Out A (Monday),12h 18m,Bent Over Row (Barbell),Rest Timer,0,0,0,90,
5/1/2026 07:56,Work Out A (Monday),12h 18m,Face Pull (Cable),1,14,8,0,0,
5/1/2026 07:56,Work Out A (Monday),12h 18m,Face Pull (Cable),Rest Timer,0,0,0,60,
5/1/2026 07:56,Work Out A (Monday),12h 18m,Face Pull (Cable),2,14,8,0,0,
5/1/2026 07:56,Work Out A (Monday),12h 18m,Face Pull (Cable),Rest Timer,0,0,0,60,
5/1/2026 07:56,Work Out A (Monday),12h 18m,Face Pull (Cable),3,16,8,0,0,
5/1/2026 07:56,Work Out A (Monday),12h 18m,Face Pull (Cable),Rest Timer,0,0,0,60,
5/1/2026 07:56,Work Out A (Monday),12h 18m,Cable Crunch,1,36.5,8,0,0,
5/1/2026 07:56,Work Out A (Monday),12h 18m,Cable Crunch,Rest Timer,0,0,0,120,
5/1/2026 07:56,Work Out A (Monday),12h 18m,Cable Crunch,2,36.5,8,0,0,
5/1/2026 07:56,Work Out A (Monday),12h 18m,Cable Crunch,Rest Timer,0,0,0,90,
5/1/2026 07:56,Work Out A (Monday),12h 18m,Cable Crunch,3,36.5,8,0,0,
5/1/2026 07:56,Work Out A (Monday),12h 18m,Cable Crunch,Rest Timer,0,0,0,90,
5/1/2026 07:56,Work Out A (Monday),12h 18m,Overhead Press (Dumbbell),1,15,8,0,0,
5/1/2026 07:56,Work Out A (Monday),12h 18m,Overhead Press (Dumbbell),Rest Timer,0,0,0,90,
5/1/2026 07:56,Work Out A (Monday),12h 18m,Overhead Press (Dumbbell),2,30,8,0,0,
5/1/2026 07:56,Work Out A (Monday),12h 18m,Overhead Press (Dumbbell),Rest Timer,0,0,0,90,
5/1/2026 07:56,Work Out A (Monday),12h 18m,Overhead Press (Dumbbell),3,30,4,0,0,
5/1/2026 07:56,Work Out A (Monday),12h 18m,Overhead Press (Dumbbell),Rest Timer,0,0,0,90,
5/1/2026 07:56,Work Out A (Monday),12h 18m,Pull Up (Band),1,35,8,0,0,
5/1/2026 07:56,Work Out A (Monday),12h 18m,Pull Up (Band),Rest Timer,0,0,0,120,
5/1/2026 07:56,Work Out A (Monday),12h 18m,Pull Up (Band),2,35,8,0,0,
5/1/2026 07:56,Work Out A (Monday),12h 18m,Pull Up (Band),Rest Timer,0,0,0,120,
5/1/2026 07:56,Work Out A (Monday),12h 18m,Pull Up (Band),3,35,7,0,0,
5/1/2026 07:56,Work Out A (Monday),12h 18m,Pull Up (Band),Rest Timer,0,0,0,120,
7/1/2026 09:27,Work Out B (Wednesday),59m,Romanian Deadlift (Dumbbell),1,45,8,0,0,
7/1/2026 09:27,Work Out B (Wednesday),59m,Romanian Deadlift (Dumbbell),Rest Timer,0,0,0,120,
7/1/2026 09:27,Work Out B (Wednesday),59m,Romanian Deadlift (Dumbbell),2,50,8,0,0,
7/1/2026 09:27,Work Out B (Wednesday),59m,Romanian Deadlift (Dumbbell),Rest Timer,0,0,0,120,
7/1/2026 09:27,Work Out B (Wednesday),59m,Romanian Deadlift (Dumbbell),3,50,8,0,0,
7/1/2026 09:27,Work Out B (Wednesday),59m,Romanian Deadlift (Dumbbell),Rest Timer,0,0,0,120,
7/1/2026 09:27,Work Out B (Wednesday),59m,Romanian Deadlift (Dumbbell),4,50,8,0,0,
7/1/2026 09:27,Work Out B (Wednesday),59m,Romanian Deadlift (Dumbbell),Rest Timer,0,0,0,120,
7/1/2026 09:27,Work Out B (Wednesday),59m,Lat Pulldown (Cable),1,40,8,0,0,
7/1/2026 09:27,Work Out B (Wednesday),59m,Lat Pulldown (Cable),Rest Timer,0,0,0,120,
7/1/2026 09:27,Work Out B (Wednesday),59m,Lat Pulldown (Cable),2,30,8,0,0,
7/1/2026 09:27,Work Out B (Wednesday),59m,Lat Pulldown (Cable),Rest Timer,0,0,0,120,
7/1/2026 09:27,Work Out B (Wednesday),59m,Lat Pulldown (Cable),3,40,8,0,0,
7/1/2026 09:27,Work Out B (Wednesday),59m,Lat Pulldown (Cable),Rest Timer,0,0,0,120,
7/1/2026 09:27,Work Out B (Wednesday),59m,Lat Pulldown (Cable),4,40,8,0,0,
7/1/2026 09:27,Work Out B (Wednesday),59m,Lat Pulldown (Cable),Rest Timer,0,0,0,120,
7/1/2026 09:27,Work Out B (Wednesday),59m,Incline Bench Press (Smith Machine),1,35,8,0,0,
7/1/2026 09:27,Work Out B (Wednesday),59m,Incline Bench Press (Smith Machine),Rest Timer,0,0,0,90,
7/1/2026 09:27,Work Out B (Wednesday),59m,Incline Bench Press (Smith Machine),2,40,8,0,0,
7/1/2026 09:27,Work Out B (Wednesday),59m,Incline Bench Press (Smith Machine),Rest Timer,0,0,0,90,
7/1/2026 09:27,Work Out B (Wednesday),59m,Incline Bench Press (Smith Machine),3,40,8,0,0,
7/1/2026 09:27,Work Out B (Wednesday),59m,Incline Bench Press (Smith Machine),Rest Timer,0,0,0,90,
7/1/2026 09:27,Work Out B (Wednesday),59m,Goblet Squat (Kettlebell),1,50,10,0,0,
7/1/2026 09:27,Work Out B (Wednesday),59m,Goblet Squat (Kettlebell),Rest Timer,0,0,0,120,
7/1/2026 09:27,Work Out B (Wednesday),59m,Goblet Squat (Kettlebell),2,50,10,0,0,
7/1/2026 09:27,Work Out B (Wednesday),59m,Goblet Squat (Kettlebell),Rest Timer,0,0,0,120,
7/1/2026 09:27,Work Out B (Wednesday),59m,Goblet Squat (Kettlebell),3,50,8,0,0,
7/1/2026 09:27,Work Out B (Wednesday),59m,Goblet Squat (Kettlebell),Rest Timer,0,0,0,120,
7/1/2026 09:27,Work Out B (Wednesday),59m,Lateral Raise (Dumbbell),1,15,8,0,0,
7/1/2026 09:27,Work Out B (Wednesday),59m,Lateral Raise (Dumbbell),Rest Timer,0,0,0,90,
7/1/2026 09:27,Work Out B (Wednesday),59m,Lateral Raise (Dumbbell),2,15,8,0,0,
7/1/2026 09:27,Work Out B (Wednesday),59m,Lateral Raise (Dumbbell),Rest Timer,0,0,0,90,
7/1/2026 09:27,Work Out B (Wednesday),59m,Lateral Raise (Dumbbell),3,15,8,0,0,
7/1/2026 09:27,Work Out B (Wednesday),59m,Lateral Raise (Dumbbell),Rest Timer,0,0,0,90,
7/1/2026 09:27,Work Out B (Wednesday),59m,Bicep Curl (Machine),1,30,8,0,0,
7/1/2026 09:27,Work Out B (Wednesday),59m,Bicep Curl (Machine),Rest Timer,0,0,0,120,
7/1/2026 09:27,Work Out B (Wednesday),59m,Bicep Curl (Machine),2,30,8,0,0,
7/1/2026 09:27,Work Out B (Wednesday),59m,Bicep Curl (Machine),Rest Timer,0,0,0,120,
7/1/2026 09:27,Work Out B (Wednesday),59m,Bicep Curl (Machine),3,30,6,0,0,
7/1/2026 09:27,Work Out B (Wednesday),59m,Bicep Curl (Machine),Rest Timer,0,0,0,120,
7/1/2026 09:27,Work Out B (Wednesday),59m,Triceps Pushdown (Cable - Straight Bar),1,23,8,0,0,
7/1/2026 09:27,Work Out B (Wednesday),59m,Triceps Pushdown (Cable - Straight Bar),Rest Timer,0,0,0,90,
7/1/2026 09:27,Work Out B (Wednesday),59m,Triceps Pushdown (Cable - Straight Bar),2,23,8,0,0,
7/1/2026 09:27,Work Out B (Wednesday),59m,Triceps Pushdown (Cable - Straight Bar),Rest Timer,0,0,0,90,
7/1/2026 09:27,Work Out B (Wednesday),59m,Triceps Pushdown (Cable - Straight Bar),3,23,8,0,0,
8/1/2026 08:56,Morning Workout,6m,Pull Up (Band),1,35,10,0,0,
8/1/2026 08:56,Morning Workout,6m,Pull Up (Band),Rest Timer,0,0,0,120,
8/1/2026 08:56,Morning Workout,6m,Pull Up (Band),2,35,12,0,0,
8/1/2026 08:56,Morning Workout,6m,Pull Up (Band),Rest Timer,0,0,0,120,
8/1/2026 08:56,Morning Workout,6m,Pull Up (Band),3,35,10,0,0,
8/1/2026 08:56,Morning Workout,6m,Pull Up (Band),Rest Timer,0,0,0,120,
9/1/2026 09:22,Work Out C (Friday),1h,Squat (Smith Machine),1,65,7,0,0,
9/1/2026 09:22,Work Out C (Friday),1h,Squat (Smith Machine),Rest Timer,0,0,0,120,
9/1/2026 09:22,Work Out C (Friday),1h,Squat (Smith Machine),2,65,7,0,0,
9/1/2026 09:22,Work Out C (Friday),1h,Squat (Smith Machine),Rest Timer,0,0,0,120,
9/1/2026 09:22,Work Out C (Friday),1h,Squat (Smith Machine),3,65,6,0,0,
9/1/2026 09:22,Work Out C (Friday),1h,Squat (Smith Machine),Rest Timer,0,0,0,120,
9/1/2026 09:22,Work Out C (Friday),1h,Squat (Smith Machine),4,65,6,0,0,
9/1/2026 09:22,Work Out C (Friday),1h,Squat (Smith Machine),Rest Timer,0,0,0,120,
9/1/2026 09:22,Work Out C (Friday),1h,Bench Press (Barbell),1,45,6,0,0,
9/1/2026 09:22,Work Out C (Friday),1h,Bench Press (Barbell),Rest Timer,0,0,0,120,
9/1/2026 09:22,Work Out C (Friday),1h,Bench Press (Barbell),2,45,6,0,0,
9/1/2026 09:22,Work Out C (Friday),1h,Bench Press (Barbell),Rest Timer,0,0,0,120,
9/1/2026 09:22,Work Out C (Friday),1h,Bench Press (Barbell),3,45,6,0,0,
9/1/2026 09:22,Work Out C (Friday),1h,Bench Press (Barbell),Rest Timer,0,0,0,120,
9/1/2026 09:22,Work Out C (Friday),1h,Overhead Press (Dumbbell),1,30,6,0,0,
9/1/2026 09:22,Work Out C (Friday),1h,Overhead Press (Dumbbell),Rest Timer,0,0,0,120,
9/1/2026 09:22,Work Out C (Friday),1h,Overhead Press (Dumbbell),2,30,6,0,0,
9/1/2026 09:22,Work Out C (Friday),1h,Overhead Press (Dumbbell),Rest Timer,0,0,0,120,
9/1/2026 09:22,Work Out C (Friday),1h,Overhead Press (Dumbbell),3,30,5,0,0,
9/1/2026 09:22,Work Out C (Friday),1h,Overhead Press (Dumbbell),Rest Timer,0,0,0,120,
9/1/2026 09:22,Work Out C (Friday),1h,Overhead Press (Dumbbell),D,25,8,0,0,
9/1/2026 09:22,Work Out C (Friday),1h,Reverse Fly (Cable),1,5,12,0,0,
9/1/2026 09:22,Work Out C (Friday),1h,Reverse Fly (Cable),Rest Timer,0,0,0,120,
9/1/2026 09:22,Work Out C (Friday),1h,Reverse Fly (Cable),2,5,12,0,0,
9/1/2026 09:22,Work Out C (Friday),1h,Reverse Fly (Cable),Rest Timer,0,0,0,120,
9/1/2026 09:22,Work Out C (Friday),1h,Reverse Fly (Cable),3,5,12,0,0,
9/1/2026 09:22,Work Out C (Friday),1h,Reverse Fly (Cable),Rest Timer,0,0,0,120,
9/1/2026 09:22,Work Out C (Friday),1h,Cable Crunch,1,36.5,8,0,0,
9/1/2026 09:22,Work Out C (Friday),1h,Cable Crunch,Rest Timer,0,0,0,120,
9/1/2026 09:22,Work Out C (Friday),1h,Cable Crunch,2,36.5,8,0,0,
9/1/2026 09:22,Work Out C (Friday),1h,Cable Crunch,Rest Timer,0,0,0,120,
9/1/2026 09:22,Work Out C (Friday),1h,Cable Crunch,3,36.5,8,0,0,
9/1/2026 09:22,Work Out C (Friday),1h,Cable Crunch,Rest Timer,0,0,0,120,
9/1/2026 09:22,Work Out C (Friday),1h,Pull Up (Band),1,59,10,0,0,
9/1/2026 09:22,Work Out C (Friday),1h,Pull Up (Band),Rest Timer,0,0,0,120,
9/1/2026 09:22,Work Out C (Friday),1h,Pull Up (Band),2,59,10,0,0,
9/1/2026 09:22,Work Out C (Friday),1h,Pull Up (Band),Rest Timer,0,0,0,120,
9/1/2026 09:22,Work Out C (Friday),1h,Pull Up (Band),3,35,10,0,0,
9/1/2026 09:22,Work Out C (Friday),1h,Pull Up (Band),Rest Timer,0,0,0,120,
12/1/2026 09:22,Work Out A (Monday),55m,Bench Press (Dumbbell),1,40,8,0,0,
12/1/2026 09:22,Work Out A (Monday),55m,Bench Press (Dumbbell),Rest Timer,0,0,0,120,
12/1/2026 09:22,Work Out A (Monday),55m,Bench Press (Dumbbell),2,40,8,0,0,
12/1/2026 09:22,Work Out A (Monday),55m,Bench Press (Dumbbell),Rest Timer,0,0,0,120,
12/1/2026 09:22,Work Out A (Monday),55m,Bench Press (Dumbbell),3,40,5,0,0,
12/1/2026 09:22,Work Out A (Monday),55m,Bench Press (Dumbbell),Rest Timer,0,0,0,120,
12/1/2026 09:22,Work Out A (Monday),55m,Bent Over Row (Dumbbell),1,30,8,0,0,
12/1/2026 09:22,Work Out A (Monday),55m,Bent Over Row (Dumbbell),Rest Timer,0,0,0,120,
12/1/2026 09:22,Work Out A (Monday),55m,Bent Over Row (Dumbbell),2,35,8,0,0,
12/1/2026 09:22,Work Out A (Monday),55m,Bent Over Row (Dumbbell),Rest Timer,0,0,0,120,
12/1/2026 09:22,Work Out A (Monday),55m,Bent Over Row (Dumbbell),3,35,8,0,0,
12/1/2026 09:22,Work Out A (Monday),55m,Bent Over Row (Dumbbell),Rest Timer,0,0,0,120,
12/1/2026 09:22,Work Out A (Monday),55m,Squat (Dumbbell),1,50,10,0,0,
12/1/2026 09:22,Work Out A (Monday),55m,Squat (Dumbbell),Rest Timer,0,0,0,120,
12/1/2026 09:22,Work Out A (Monday),55m,Squat (Dumbbell),2,50,8,0,0,
12/1/2026 09:22,Work Out A (Monday),55m,Squat (Dumbbell),Rest Timer,0,0,0,90,
12/1/2026 09:22,Work Out A (Monday),55m,Squat (Dumbbell),3,50,8,0,0,
12/1/2026 09:22,Work Out A (Monday),55m,Squat (Dumbbell),Rest Timer,0,0,0,90,
12/1/2026 09:22,Work Out A (Monday),55m,Squat (Dumbbell),4,50,8,0,0,
12/1/2026 09:22,Work Out A (Monday),55m,Squat (Dumbbell),Rest Timer,0,0,0,90,
12/1/2026 09:22,Work Out A (Monday),55m,Overhead Press (Dumbbell),1,30,8,0,0,
12/1/2026 09:22,Work Out A (Monday),55m,Overhead Press (Dumbbell),Rest Timer,0,0,0,90,
12/1/2026 09:22,Work Out A (Monday),55m,Overhead Press (Dumbbell),2,30,6,0,0,
12/1/2026 09:22,Work Out A (Monday),55m,Overhead Press (Dumbbell),Rest Timer,0,0,0,90,
12/1/2026 09:22,Work Out A (Monday),55m,Overhead Press (Dumbbell),3,30,5,0,0,
12/1/2026 09:22,Work Out A (Monday),55m,Overhead Press (Dumbbell),Rest Timer,0,0,0,90,
12/1/2026 09:22,Work Out A (Monday),55m,Face Pull (Cable),1,14,8,0,0,
12/1/2026 09:22,Work Out A (Monday),55m,Face Pull (Cable),Rest Timer,0,0,0,60,
12/1/2026 09:22,Work Out A (Monday),55m,Face Pull (Cable),2,14,8,0,0,
12/1/2026 09:22,Work Out A (Monday),55m,Face Pull (Cable),Rest Timer,0,0,0,60,
12/1/2026 09:22,Work Out A (Monday),55m,Face Pull (Cable),3,16,8,0,0,
12/1/2026 09:22,Work Out A (Monday),55m,Face Pull (Cable),Rest Timer,0,0,0,60,
12/1/2026 09:22,Work Out A (Monday),55m,Cable Crunch,1,36.5,8,0,0,
12/1/2026 09:22,Work Out A (Monday),55m,Cable Crunch,Rest Timer,0,0,0,120,
12/1/2026 09:22,Work Out A (Monday),55m,Cable Crunch,2,36.5,8,0,0,
12/1/2026 09:22,Work Out A (Monday),55m,Cable Crunch,Rest Timer,0,0,0,90,
12/1/2026 09:22,Work Out A (Monday),55m,Cable Crunch,3,36.5,8,0,0,
12/1/2026 09:22,Work Out A (Monday),55m,Cable Crunch,Rest Timer,0,0,0,90,
12/1/2026 09:22,Work Out A (Monday),55m,Pull Up (Band),1,35,8,0,0,
12/1/2026 09:22,Work Out A (Monday),55m,Pull Up (Band),Rest Timer,0,0,0,120,
12/1/2026 09:22,Work Out A (Monday),55m,Pull Up (Band),2,35,8,0,0,
12/1/2026 09:22,Work Out A (Monday),55m,Pull Up (Band),Rest Timer,0,0,0,120,
12/1/2026 09:22,Work Out A (Monday),55m,Pull Up (Band),3,35,8,0,0,
12/1/2026 09:22,Work Out A (Monday),55m,Pull Up (Band),Rest Timer,0,0,0,120,
14/1/2026 08:12,Work Out B (Wednesday),1h 1m,Romanian Deadlift (Barbell),1,60,8,0,0,
14/1/2026 08:12,Work Out B (Wednesday),1h 1m,Romanian Deadlift (Barbell),Rest Timer,0,0,0,120,
14/1/2026 08:12,Work Out B (Wednesday),1h 1m,Romanian Deadlift (Barbell),2,60,8,0,0,
14/1/2026 08:12,Work Out B (Wednesday),1h 1m,Romanian Deadlift (Barbell),Rest Timer,0,0,0,120,
14/1/2026 08:12,Work Out B (Wednesday),1h 1m,Romanian Deadlift (Barbell),3,60,8,0,0,
14/1/2026 08:12,Work Out B (Wednesday),1h 1m,Romanian Deadlift (Barbell),Rest Timer,0,0,0,120,
14/1/2026 08:12,Work Out B (Wednesday),1h 1m,Romanian Deadlift (Barbell),4,60,8,0,0,
14/1/2026 08:12,Work Out B (Wednesday),1h 1m,Romanian Deadlift (Barbell),Rest Timer,0,0,0,120,
14/1/2026 08:12,Work Out B (Wednesday),1h 1m,Lat Pulldown (Cable),1,45,6,0,0,
14/1/2026 08:12,Work Out B (Wednesday),1h 1m,Lat Pulldown (Cable),Rest Timer,0,0,0,120,
14/1/2026 08:12,Work Out B (Wednesday),1h 1m,Lat Pulldown (Cable),2,45,6,0,0,
14/1/2026 08:12,Work Out B (Wednesday),1h 1m,Lat Pulldown (Cable),Rest Timer,0,0,0,120,
14/1/2026 08:12,Work Out B (Wednesday),1h 1m,Lat Pulldown (Cable),3,45,6,0,0,
14/1/2026 08:12,Work Out B (Wednesday),1h 1m,Lat Pulldown (Cable),Rest Timer,0,0,0,90,
14/1/2026 08:12,Work Out B (Wednesday),1h 1m,Lat Pulldown (Cable),4,45,8,0,0,
14/1/2026 08:12,Work Out B (Wednesday),1h 1m,Lat Pulldown (Cable),Rest Timer,0,0,0,90,
14/1/2026 08:12,Work Out B (Wednesday),1h 1m,Incline Bench Press (Smith Machine),1,40,7,0,0,
14/1/2026 08:12,Work Out B (Wednesday),1h 1m,Incline Bench Press (Smith Machine),Rest Timer,0,0,0,90,
14/1/2026 08:12,Work Out B (Wednesday),1h 1m,Incline Bench Press (Smith Machine),2,45,6,0,0,
14/1/2026 08:12,Work Out B (Wednesday),1h 1m,Incline Bench Press (Smith Machine),Rest Timer,0,0,0,90,
14/1/2026 08:12,Work Out B (Wednesday),1h 1m,Incline Bench Press (Smith Machine),3,45,4,0,0,
14/1/2026 08:12,Work Out B (Wednesday),1h 1m,Incline Bench Press (Smith Machine),Rest Timer,0,0,0,90,
14/1/2026 08:12,Work Out B (Wednesday),1h 1m,Goblet Squat (Kettlebell),1,50,10,0,0,
14/1/2026 08:12,Work Out B (Wednesday),1h 1m,Goblet Squat (Kettlebell),Rest Timer,0,0,0,120,
14/1/2026 08:12,Work Out B (Wednesday),1h 1m,Goblet Squat (Kettlebell),2,50,10,0,0,
14/1/2026 08:12,Work Out B (Wednesday),1h 1m,Goblet Squat (Kettlebell),Rest Timer,0,0,0,120,
14/1/2026 08:12,Work Out B (Wednesday),1h 1m,Goblet Squat (Kettlebell),3,50,8,0,0,
14/1/2026 08:12,Work Out B (Wednesday),1h 1m,Goblet Squat (Kettlebell),Rest Timer,0,0,0,120,
14/1/2026 08:12,Work Out B (Wednesday),1h 1m,Lateral Raise (Cable),1,5,10,0,0,
14/1/2026 08:12,Work Out B (Wednesday),1h 1m,Lateral Raise (Cable),Rest Timer,0,0,0,120,
14/1/2026 08:12,Work Out B (Wednesday),1h 1m,Lateral Raise (Cable),2,5,10,0,0,
14/1/2026 08:12,Work Out B (Wednesday),1h 1m,Lateral Raise (Cable),Rest Timer,0,0,0,90,
14/1/2026 08:12,Work Out B (Wednesday),1h 1m,Lateral Raise (Cable),3,5,8,0,0,
14/1/2026 08:12,Work Out B (Wednesday),1h 1m,Lateral Raise (Cable),Rest Timer,0,0,0,90,
14/1/2026 08:12,Work Out B (Wednesday),1h 1m,Bicep Curl (Machine),1,30,8,0,0,
14/1/2026 08:12,Work Out B (Wednesday),1h 1m,Bicep Curl (Machine),Rest Timer,0,0,0,120,
14/1/2026 08:12,Work Out B (Wednesday),1h 1m,Bicep Curl (Machine),2,30,6,0,0,
14/1/2026 08:12,Work Out B (Wednesday),1h 1m,Bicep Curl (Machine),Rest Timer,0,0,0,120,
14/1/2026 08:12,Work Out B (Wednesday),1h 1m,Bicep Curl (Machine),3,25,12,0,0,
14/1/2026 08:12,Work Out B (Wednesday),1h 1m,Bicep Curl (Machine),Rest Timer,0,0,0,120,
14/1/2026 08:12,Work Out B (Wednesday),1h 1m,Triceps Pushdown (Cable - Straight Bar),1,23,8,0,0,
14/1/2026 08:12,Work Out B (Wednesday),1h 1m,Triceps Pushdown (Cable - Straight Bar),Rest Timer,0,0,0,90,
14/1/2026 08:12,Work Out B (Wednesday),1h 1m,Triceps Pushdown (Cable - Straight Bar),2,23,8,0,0,
14/1/2026 08:12,Work Out B (Wednesday),1h 1m,Triceps Pushdown (Cable - Straight Bar),Rest Timer,0,0,0,90,
14/1/2026 08:12,Work Out B (Wednesday),1h 1m,Triceps Pushdown (Cable - Straight Bar),3,23,8,0,0,
16/1/2026 08:19,Work Out C (Friday),55m,Overhead Press (Dumbbell),1,30,8,0,0,
16/1/2026 08:19,Work Out C (Friday),55m,Overhead Press (Dumbbell),Rest Timer,0,0,0,120,
16/1/2026 08:19,Work Out C (Friday),55m,Overhead Press (Dumbbell),2,30,8,0,0,
16/1/2026 08:19,Work Out C (Friday),55m,Overhead Press (Dumbbell),Rest Timer,0,0,0,90,
16/1/2026 08:19,Work Out C (Friday),55m,Overhead Press (Dumbbell),3,30,6,0,0,
16/1/2026 08:19,Work Out C (Friday),55m,Overhead Press (Dumbbell),Rest Timer,0,0,0,90,
16/1/2026 08:19,Work Out C (Friday),55m,Overhead Press (Dumbbell),4,30,6,0,0,
16/1/2026 08:19,Work Out C (Friday),55m,Overhead Press (Dumbbell),Rest Timer,0,0,0,90,
16/1/2026 08:19,Work Out C (Friday),55m,Squat (Smith Machine),1,65,8,0,0,
16/1/2026 08:19,Work Out C (Friday),55m,Squat (Smith Machine),Rest Timer,0,0,0,120,
16/1/2026 08:19,Work Out C (Friday),55m,Squat (Smith Machine),2,65,8,0,0,
16/1/2026 08:19,Work Out C (Friday),55m,Squat (Smith Machine),Rest Timer,0,0,0,120,
16/1/2026 08:19,Work Out C (Friday),55m,Squat (Smith Machine),3,65,8,0,0,
16/1/2026 08:19,Work Out C (Friday),55m,Squat (Smith Machine),Rest Timer,0,0,0,90,
16/1/2026 08:19,Work Out C (Friday),55m,Squat (Smith Machine),4,65,8,0,0,
16/1/2026 08:19,Work Out C (Friday),55m,Squat (Smith Machine),Rest Timer,0,0,0,90,
16/1/2026 08:19,Work Out C (Friday),55m,Reverse Fly (Cable),1,5,12,0,0,
16/1/2026 08:19,Work Out C (Friday),55m,Reverse Fly (Cable),Rest Timer,0,0,0,120,
16/1/2026 08:19,Work Out C (Friday),55m,Reverse Fly (Cable),2,9,8,0,0,
16/1/2026 08:19,Work Out C (Friday),55m,Reverse Fly (Cable),Rest Timer,0,0,0,120,
16/1/2026 08:19,Work Out C (Friday),55m,Reverse Fly (Cable),3,5,12,0,0,
16/1/2026 08:19,Work Out C (Friday),55m,Reverse Fly (Cable),Rest Timer,0,0,0,120,
16/1/2026 08:19,Work Out C (Friday),55m,Pull Up (Band),1,59,12,0,0,
16/1/2026 08:19,Work Out C (Friday),55m,Pull Up (Band),Rest Timer,0,0,0,120,
16/1/2026 08:19,Work Out C (Friday),55m,Pull Up (Band),2,59,12,0,0,
16/1/2026 08:19,Work Out C (Friday),55m,Pull Up (Band),Rest Timer,0,0,0,90,
16/1/2026 08:19,Work Out C (Friday),55m,Pull Up (Band),3,35,10,0,0,
16/1/2026 08:19,Work Out C (Friday),55m,Pull Up (Band),Rest Timer,0,0,0,90,
16/1/2026 08:19,Work Out C (Friday),55m,Bench Press (Dumbbell),1,40,8,0,0,
16/1/2026 08:19,Work Out C (Friday),55m,Bench Press (Dumbbell),Rest Timer,0,0,0,120,
16/1/2026 08:19,Work Out C (Friday),55m,Bench Press (Dumbbell),2,40,8,0,0,
16/1/2026 08:19,Work Out C (Friday),55m,Bench Press (Dumbbell),Rest Timer,0,0,0,90,
16/1/2026 08:19,Work Out C (Friday),55m,Bench Press (Dumbbell),3,40,7,0,0,
16/1/2026 08:19,Work Out C (Friday),55m,Bench Press (Dumbbell),Rest Timer,0,0,0,90,
16/1/2026 08:19,Work Out C (Friday),55m,Cable Crunch,1,36.5,10,0,0,
16/1/2026 08:19,Work Out C (Friday),55m,Cable Crunch,Rest Timer,0,0,0,120,
16/1/2026 08:19,Work Out C (Friday),55m,Cable Crunch,2,36.5,10,0,0,
16/1/2026 08:19,Work Out C (Friday),55m,Cable Crunch,Rest Timer,0,0,0,120,
16/1/2026 08:19,Work Out C (Friday),55m,Cable Crunch,3,36.5,10,0,0,
16/1/2026 08:19,Work Out C (Friday),55m,Cable Crunch,Rest Timer,0,0,0,120,
17/1/2026 10:26,Morning Workout,12m,Pull Up (Band),1,59,14,0,0,
17/1/2026 10:26,Morning Workout,12m,Pull Up (Band),Rest Timer,0,0,0,120,
17/1/2026 10:26,Morning Workout,12m,Pull Up (Band),2,59,14,0,0,
17/1/2026 10:26,Morning Workout,12m,Pull Up (Band),Rest Timer,0,0,0,120,
17/1/2026 10:26,Morning Workout,12m,Pull Up (Band),3,35,12,0,0,
17/1/2026 10:26,Morning Workout,12m,Pull Up (Band),Rest Timer,0,0,0,120,